2,1033,"Cadereyta",,,,,"Nuevo Leon",,828,2847405,2841331,2841452,,,,"S"
2,1234,"Apodaca Sur",,,,,"Nuevo Leon",,81,10881096,10881491,10881533,,,,
2,1235,"Lomas De Santa Mónica",,,,,"Nuevo Leon",,81,82828505,82828618,10932878,,,,
2,1553,"Huinala",,,,,"Nuevo Leon",,81,83212236,83212439,,,,,
2,1867,"Félix Galvan",,,,,"Nuevo Leon",,81,83792639,83343253,83343543,83345678,,,
2,1900,"Dos Rios",,,,,"Nuevo Leon",,81,88611154,88610138,88610298,88610994,,,
2,2097,"Pueblo Nuevo",,,,,"Nuevo Leon",,81,81454947,81454949,,,,,
2,3537,"Linares",,,,,"Nuevo Leon",,821,2145506,2124367,2125334,,,,
2,3628,"San Miguel",,,,,"Nuevo Leon",,81,82408339,82408340,,,,,
2,3713,"Ruiz Cortinez",,,,,"Nuevo Leon",,81,83641076,83641678,83641866,,,,
2,5624,"Valle Soleado",,,,,"Nuevo Leon",,81,84534011,84536624,,,,,
2,1761,"Allende",,,,,"Nuevo Leon",,826,1104490,1104491,1104492,,,,
2,1561,"Valle Hermoso",,,,,"Tamaulipas",,894,8566597,8566598,8566599,,,,
2,1611,"Reynosa Centro",,,,,"Tamaulipas",,899,9237627,9258171,,,,,
2,1823,"Jardines De La Primavera",,,,,"Nuevo Leon",,81,84528576,84528577,84528579,,,,
2,2223,"Reynosa",,,,,"Tamaulipas",,899,9027952,9027953,9027955,,,,
2,2869,"Zuazua",,,,,"Nuevo Leon",,825,1070071,1070073,7070074,,,,
2,3103,"Lauro Villar",,,,,"Tamaulipas",,868,1270041,1270737,1270741,,,,
2,3623,"Los Fresnos",,,,,"Nuevo Leon",,81,86610513,86610514,86610515,,,,
2,3625,"Diaz Berlanga",,,,,"Nuevo Leon",,81,83501767,83501932,83501953,,,,
2,3801,"Santo Domingo",,,,,"Nuevo Leon",,81,83832560,83832568,83832569,,,,
2,1246,"Salinas Victoria",,,,,"Nuevo Leon",,81,82371321,82371322,82371323,,,,
2,1541,"Miguel Alemán",,,,,"Tamaulipas",,897,9721783,9721843,9721922,,,,
2,4094,"San Fernando",,,,,"Tamaulipas",,841,8523554,8523555,8523556,,,,
2,5666,"Hidalgo",,,,,"Nuevo Leon",,829,2860954,2862026,2860889,,,,
2,1105,"Villa Juarez",,,,,"Nuevo Leon",,81,11640457,11640458,11640459,,,,
2,1927,"Puerta Del Sol",,,,,"Nuevo Leon",,81,83849196,83849590,83849726,,,,
2,2738,"Mitras",,,,,"Nuevo Leon",,81,15570261,15570262,15570263,15570264,,,
2,3298,"Escobedo",,,,,"Nuevo Leon",,81,83979143,89013504,,,,,
2,3362,"Topochico",,,,,"Nuevo Leon",,81,83013535,83013536,,,,,
2,3443,"Clouthier",,,,,"Nuevo Leon",,81,88010123,88010124,88010125,,,,
2,3932,"Carretera Reynosa",,,,,"Nuevo Leon",,81,13031114,13030306,13030664,,,,
2,4028,"Santa Rosa",,,,,"Nuevo Leon",,81,81488696,81488697,81488698,,,,
2,4067,"Villa García",,,,,"Nuevo Leon",,81,81470412,81470413,81470414,,,,
2,5712,"Solidaridad",,,,,"Nuevo Leon",,81,81023263,81020036,81020662,,,,
2,4047,"Sabinas Hidalgo",,,,,"Nuevo Leon",,824,2427196,2427253,2425641,,,,
2,5665,"Anáhuac",,,,,"Nuevo Leon",,873,7372831,7372713,7372568,,,,
2,1470,"San Pedro",,,,,"Coahuila",,872,7728297,7728296,7728298,,,,
2,1931,"Lerdo",,,,,"Durango",,871,7255324,7255348,7255899,,,,
2,2920,"Saltillo Sur",,,,,"Coahuila",,844,4827005,4827008,4827010,,,,
2,3018,"Libramiento",,,,,"Coahuila",,871,2096782,2096783,2096784,2096785,,,
2,3019,"Rincón San Antonio",,,,,"Durango",,871,7523031,7520828,7522189,,,,
2,3228,"Manto De La Virgen",,,,,"Coahuila",,871,7763971,7763995,7763902,,,,
2,3729,"Fundadores",,,,,"Coahuila",,844,4303237,4301637,4300520,,,,
2,3807,"Saltillo",,,,,"Coahuila",,844,4100901,4100909,4101922,,,,
2,4045,"Lomas Del Bosque",,,,,"Coahuila",,844,4137879,4137880,4137881,,,,
2,5659,"La Ladrillera",,,,,"Coahuila",,844,4173986,4173982,4173981,,,,
2,1820,"Parras",,,,,"Coahuila",,842,4226581,4226582,4226583,,,,
2,4046,"Francisco I. Madero",,,,,"Coahuila",,872,1030524,1030525,1030526,,,,
2,1498,"Plan De Guadalupe",,,,,"Coahuila",,844,4883682,4884254,4884518,4884679,,,
2,1557,"Cd. Acuña",,,,,"Coahuila",,877,7731192,7731455,7731521,7731706,,,
2,2741,"Otilio Gonzalez",,,,,"Coahuila",,844,4205459,4205465,,,,,
2,4044,"Satélite Saltillo",,,,,"Coahuila",,844,4341929,4342414,4343800,4346565,,,
2,4136,"Frontera",,,,,"Coahuila",,866,6351128,6355321,6352512,,,,
2,4196,"Sabinas",,,,,"Coahuila",,861,6132481,6132483,6132484,6132486,,,
2,5731,"Piedras Negras",,,,,"Coahuila",,878,"79 54140","79 54150","79 54151",,,,
2,5792,"Lourdes",,,,,"Coahuila",,844,4178201,4172288,4174728,,,,
2,3563,"San Buenaventura",,,,,"Coahuila",,869,6940830,6940820,,,,,
2,4057,"Allende",,,,,"Coahuila",,862,6210414,6210541,6211670,,,,
2,4058,"Muzquiz",,,,,"Coahuila",,864,6166643,6166644,6166645,6166646,,,
2,1467,"Independencia Sur",,,,,"Chihuahua",,656,7018799,7018485,7018799,7018627,,,
2,1517,"Sta Rosalía De Camargo",,,,,"Chihuahua",,648,4627303,4627301,4627302,462736,,,
2,1560,"Jose Mariano Jiménez",,,,,"Chihuahua",,629,5428895,5428896,5428897,,,,
2,1590,"Nvo. Casas Grandes",,,,,"Chihuahua",,636,6614916,6614917,6614918,6614919,,,
2,1690,"Aeropuerto",,,,,"Chihuahua",,614,5420206,5420206,5420248,5420245,,,
2,1767,"Puerto De Palos",,,,,"Chihuahua",,656,1713509,1713532,6470186,2699977,,,
2,2224,"Jilotepec",,,,,"Chihuahua",,656,6797247,6797248,6797249,6797250,,,
2,2740,"Talámas Camandari",,,,,"Chihuahua",,656,5664923,5664927,5664928,5664925,,,
2,3146,"Chaveñas",,,,,"Chihuahua",,656,2102695,21021696,2102697,2102703,,,
2,3560,"Panamericana",,,,,"Chihuahua",,614,2051384,2051381,2051382,,,,
2,1472,"Meoqui",,,,,"Chihuahua",,639,4737427,4737428,4737429,4727430,,,
2,2212,"Ojinaga",,,,,"Chihuahua",,626,4535542,4535543,4535544,,,,
2,2588,"Bosques De Aldama",,,,,"Chihuahua",,614,4510158,4511510,4510901,,,,
2,1046,"Cd. Valles",,,,,"San Luis Potosi",,481,3831421,3831420,3831419,,,,
2,3038,"Luis Echeverria",,,,,"Tamaulipas",,831,2396320,2396321,2396322,,,,
2,3073,"Multiplaza Real",,,,,"Tamaulipas",,833,1229871,1229813,1229863,,,,
2,1242,"ébano",,,,,"San Luis Potosi",,845,2633712,,,,,,
2,1539,"álamo",,,,,"Veracruz",,765,8446218,8446210,8446219,,,,
2,1819,"Tamazunchale",,,,,"San Luis Potosi",,483,3623066,3620624,3620339,,,,
2,1982,"Blvd. Juarez",,,,,"Veracruz",,785,8522564,8522773,8522860,,,,
2,2039,"Tantoyuca",,,,,"Veracruz",,789,8932438,8932633,8932663,,,,
2,2040,"Pánuco",,,,,"Veracruz",,846,2560922,2560935,2560952,,,,
2,2470,"Tamuin",,,,,"San Luis Potosi",,489,3881112,3881234,3881223,,,,
2,2875,"Coatzintla",,,,,"Veracruz",,782,8253806,8253839,8253849,,,,
2,4182,"Naranjos",,,,,"Veracruz",,768,8554720,8554721,8554722,,,,
2,5602,"Aldama",,,,,"Tamaulipas",,836,2742002,2741488,0,,,,
2,1417,"Mexicali Sur",,,,,"Baja California Norte",,686,8374542,8374621,8374165,,,,
2,1419,"Nuevo Mexicali",,,,,"Baja California Norte",,686,5610636,5610630,5610635,,,,
2,1421,"Mexicali Sureste",,,,,"Baja California Norte",,686,8399116,8399111,"8399 91",,,,
2,2225,"Tijuana Sur",,,,,"Baja California Norte",,664,9782491,9782490,9782489,9782488,,,
2,2919,"El águila",,,,,"Baja California Norte",,664,6275308,275393,6274754,6274645,,,
2,3100,"Quintas Del Refugio",,,,,"Baja California Norte",,664,9717907,9717939,9723116,9723217,,,
2,3144,"Del Prado Ii",,,,,"Baja California Norte",,664,9798873,9798874,9798875,9798876,,,
2,3226,"Ensenada",,,,,"Baja California Norte",,646,1820930,1820936,,,,,
2,3400,"Delicias",,,,,"Baja California Norte",,664,6452893,6452753,6452691,6452565,,,
2,3485,"Otay",,,,,"Baja California Norte",,664,6613845,6613530,6613527,6613523,,,
2,4199,"San Luís Río Colorado",,,,,"Sonora",,653,5357654,"535 82 21",5358205,,,,
2,5661,"Lomas De La Presa",,,,,"Baja California Norte",,664,6464691,6452565,,,,,
2,1583,"San Quintín",,,,,"Baja California Norte",,616,1665837,1665838,1658309,,,,
2,3367,"Maneadero",,,,,"Baja California Norte",,646,1549796,1549609,1549351,,,,
2,3368,"Guadalupe Victoria Romo",,,,,"Baja California Norte",,658,5163806,5163698,5163580,,,,
2,5400,"Mar De Cortes",,,,,"Baja California Norte",,686,5771278,5776066,5776022,,,,
2,5675,"Javier Mina",,,,,"Baja California Norte",,616,1664510,1664513,1662898,,,,
2,1028,"Bourloug",,,,,"Sonora",,644,4169001,4169017,4168966,4168955,,,
2,1034,"Hermosillo Norte",,,,,"Sonora",,662,2644745,2644415,2644618,2644674,,,
2,1103,"Periférico Sur",,,,,"Sonora",,662,1100429,,,,,,
2,1667,"Caborca",,,,,"Sonora",,637,3724012,,,,,,
2,2243,"Navojoa",,,,,"Sonora",,642,4211457,4224900,,,,,
2,2899,"Hermosillo Oriente",,,,,"Sonora",,662,1365019,1365018,,,,,
2,3406,"Puerto Peñasco",,,,,"Sonora",,638,1021413,1021414,1201415,,,,
2,3613,"El Seri",,,,,"Sonora",,662,2177702,2177703,2177704,2177705,,,
2,4068,"Agua Prieta",,,,,"Sonora",,633,1217240,1217241,1217242,,,,
2,4158,"Obregon Poniente",,,,,"Sonora",,644,4135157,4135271,4135341,4135362,,,
2,1478,"Magdalena De Kino",,,,,"Sonora",,632,3227228,3227229,,,,,
2,2247,"Lázaro Gutiérrez",,,,,"Sonora",,645,3323567,3326768,3323567,,,,
2,2924,"La Doce",,,,,"Sonora",,662,1581196,1581198,1581196,,,,
2,3678,"Huatabampo",,,,,"Sonora",,647,"426 4734","426 2699","426 1723",,,,
2,1692,"Jose Maria Iglesias",,,,,"Jalisco",,333,36086839,36087013,36087089,36087138,,,
2,2028,"Concepcion Del Valle",,,,,"Jalisco",,331,11982802,11982906,11982905,,,,
2,2999,"Tala Ruiseñores",,,,,"Jalisco",,333,38980803,38980804,38980805,38980806,,,
2,3360,"Toluquilla",,,,,"Jalisco",,333,37976281,37976286,37976298,,,,
2,3402,"Mariano Otero",,,,,"Jalisco",,331,16542243,16542245,,,,,
2,3780,"Atemajac",,,,,"Jalisco",,333,38245542,38230050,38245067,,,,
2,3781,"Independencia",,,,,"Jalisco",,33,36745120,36744736,36744864,,,,
2,5740,"Belisario Dominguez",,,,,"Jalisco",,333,36370991,36371035,36371764,,,,
2,5750,"Miramar",,,,,"Jalisco",,331,10287170,10287171,10287172,10287173,,,
2,5798,"Santa Margarita",,,,,"Jalisco",,333,36855331,36855332,36855333,,,,
2,1162,"Tequila",,,,,"Jalisco",,374,"742 43 94","742 43 95","742 43 96","742 43 97",,,
2,1190,"Ameca Patria",,,,,"Jalisco",,375,7553361,7553362,7553363,7553364,,,
2,1647,"Tala Oeste",,,,,"Jalisco",,384,7337245,7338503,7339500,,,,
2,5669,"Ahualulco De Mercado",,,,,"Jalisco",,386,7526056,7526057,7526058,,,,
2,1024,"Villa De Alvarez",,,,,"Colima",,312,3088186,3088188,3088187,,,,
2,3536,"Manzanillo",,,,,"Colima",,314,1382270,1382274,,,,,
2,3855,"Chapultepec",,,,,"Jalisco",,33,38256603,38256608,38256639,,,,
2,3866,"Arboledas",,,,,"Jalisco",,33,38110846,38110875,38110901,,,,
2,3920,"8 De Julio",,,,,"Jalisco",,33,38112166,38117043,38117044,,,,
2,5732,"Tecoman",,,,,"Colima",,313,3254468,3254471,3254472,,,,
2,1411,"Tuxpan",,,,,"Jalisco",,371,4175580,4175596,4175585,,,,
2,1438,"Acatlan De Juarez",,,,,"Jalisco",,387,7721891,7721315,7721007,7721872,,,
2,1449,"Tamazula De Gordiano",,,,,"Jalisco",,358,4168536,4163106,4163931,4166423,,,
2,1648,"Cocula",,,,,"Jalisco",,377,7734960,7732485,7734582,,,,
2,1716,"Tlajomulco",,,,,"Jalisco",,33,37984838,37984853,37984856,,,,
2,2019,"Autlan De Navarro",,,,,"Jalisco",,317,3826339,3826340,,,,,
2,2059,"Sayula",,,,,"Jalisco",,342,4223224,4223225,4223226,,,,
2,2958,"Armeria",,,,,"Colima",,313,3220812,3222353,3222857,,,,
2,3154,"Bravo",,,,,"Jalisco",,341,4143177,4143098,,,,,
2,4164,"Cihuatlan",,,,,"Jalisco",,315,3554305,3554333,3554403,,,,
2,5603,"Cuauhtémoc",,,,,"Colima",,312,3280989,3280997,3281472,,,,
2,1176,"San  Juan De Los Lagos",,,,,"Jalisco",,395,7252138,7252139,7252140,,,,
2,1465,"Tepatitlan",,,,,"Jalisco",,378,7153583,7153883,7154169,7154633,,,
2,1555,"Parque Solidaridad",,,,,"Jalisco",,33,36053499,36054764,36055550,36055885,,,
2,1588,"San Gaspar",,,,,"Jalisco",,33,36077374,36077474,36077509,36077534,,,
2,1633,"Matatlán",,,,,"Jalisco",,33,36023017,36023078,36025731,,,,
2,1661,"Pénjamo",,,,,"Guanajuato",,469,6950212,6922583,6923004,,,,
2,3789,"Revolución",,,,,"Jalisco",,33,36590097,36590829,36591611,,,,
2,3890,"La Piedad",,,,,"Michoacan",,352,5261652,5266292,5266291,,,,
2,1122,"Capilla De Guadalupe",,,,,"Jalisco",,378,7121872,7122357,7122418,,,,
2,1154,"Arandas",,,,,"Jalisco",,348,7848790,7848791,7848792,,,,
2,1163,"Atotonilco",,,,,"Jalisco",,391,9176053,9176054,9176057,,,,
2,3088,"Yurécuaro",,,,,"Michoacan",,356,5681005,5686050,5681002,5681067,,,
2,4083,"San Miguel  El Alto",,,,,"Jalisco",,347,7882038,7882068,7882207,7882604,,,
2,4179,"Zapotlanejo",,,,,"Jalisco",,373,7342094,7341413,7342105,,,,
2,1019,"San Pedrito",,,,,"Jalisco",,33,10297880,10298331,10298369,,,,
2,1073,"Ocotlán",,,,,"Jalisco",,392,9231430,9231431,9231432,,,,
2,1087,"Sahuayo",,,,,"Michoacan",,353,5318739,5318740,5318741,,,,
2,2953,"El Verde",,,,,"Jalisco",,33,36971971,36971974,36971738,36971859,,,
2,3042,"Santa Paula",,,,,"Jalisco",,33,11872002,11872005,11872011,,,,
2,3143,"Los Agaves",,,,,"Jalisco",,33,12244405,12244406,12244407,,,,
2,3238,"Las Azucenas",,,,,"Jalisco",,33,36889020,36883200,36883636,,,,
2,3930,"Las Pintas",,,,,"Jalisco",,33,31647174,31647176,31647175,,,,
2,5844,"Zamora",,,,,"Michoacan",,351,5601209,5601172,5601173,,,,
2,1191,"Los Reyes Salgado",,,,,"Michoacan",,354,5428629,5428630,5428631,,,,
2,1243,"Peribán De Ramos",,,,,"Michoacan",,354,5512398,5512920,5512919,,,,
2,1614,"Jamay",,,,,"Jalisco",,392,9242477,9242485,9242494,,,,
2,1715,"Juan De La Barrera",,,,,"Jalisco",,33,36063943,36064024,36064095,,,,
2,2244,"La Barca",,,,,"Jalisco",,393,9354562,9354567,9354705,,,,
2,2510,"Tizapán",,,,,"Jalisco",,376,7682200,7681619,7680713,,,,
2,2955,"Tangancícuaro",,,,,"Michoacan",,355,5533814,5535247,5535375,,,,
2,4093,"Jocotepec",,,,,"Jalisco",,387,7630333,7630339,7630587,,,,
2,1051,"Las Brisas",,,,,"Nayarit",,311,2180793,2189870,2189872,2189874,,,
2,2111,"Aguamilpa",,,,,"Nayarit",,311,1813349,1813350,1813351,1813352,,,
2,2112,"Av. México Ii",,,,,"Nayarit",,311,2173228,2121627,2125443,,,,
2,1409,"Ixtapa",,,,,"Jalisco",,322,2816015,2816008,2813954,2816228,,,
2,1863,"Xalisco",,,,,"Nayarit",,311,2230821,2230833,2230984,,,,
2,2061,"Ixtlán Del Río",,,,,"Nayarit",,324,2435809,2435810,2435811,2435812,,,
2,3549,"San Vicente Las Palmas",,,,,"Nayarit",,329,2988151,2988120,2988197,,,,
2,3550,"San José Del Valle",,,,,"Nayarit",,329,2987710,2987718,2987721,,,,
2,3712,"Tecuala",,,,,"Nayarit",,389,2531580,2531561,2531568,,,,
2,4101,"Acaponeta",,,,,"Nayarit",,325,2522213,,,,,,
2,4115,"Santiago Ixcuintla",,,,,"Nayarit",,323,2353133,2353193,2353272,2353519,,,
2,5667,"Compostela",,,,,"Nayarit",,327,2773622,2773594,,,,,
2,5668,"Tuxpan Nayarit",,,,,"Nayarit",,319,2323795,2332839,,,,,
2,5674,"Escuinapa",,,,,"Sinaloa",,695,9533829,9534716,,,,,
2,1006,"Hospital Gral.",,,,,"Sinaloa",,668,8242971,8243172,8243242,,,,
2,1049,"Estadio",,,,,"Sinaloa",,667,7126396,7126237,7126242,,,,
2,1471,"Navolato",,,,,"Sinaloa",,672,7211240,7211241,7211242,7211243,,,
2,1660,"Guamúchil",,,,,"Sinaloa",,673,7321812,7322241,7323396,7323893,,,
2,1824,"Los Cabos",,,,,"Baja California Sur",,624,1466519,1733389,1733636,1733695,,,
2,2000,"Mazatlán",,,,,"Sinaloa",,669,9403296,9403297,9403298,,,,
2,2996,"Salida A Sanalona",,,,,"Sinaloa",,667,7622446,7622602,,,,,
2,3102,"Cd. Constitución",,,,,"Baja California Sur",,613,1327417,1322602,1324481,1324680,,,
2,3119,"Camino Real",,,,,"Baja California Sur",,612,1143330,1143331,1143351,,,,
2,3401,"Central De Abastos",,,,,"Sinaloa",,667,7496594,7496762,7496759,7496793,,,
2,3734,"El Conchi",,,,,"Sinaloa",,669,9800313,9800324,,,,,
2,4066,"Barrancos",,,,,"Sinaloa",,667,9922413,9922452,9922453,,,,
2,4076,"Aeropuerto Zapata",,,,,"Sinaloa",,667,7609971,7602462,7603038,7603084,,,
2,4126,"Blvd. Zapata",,,,,"Sinaloa",,668,1272091,1272092,1272093,1272094,,,
2,3737,"El Fuerte",,,,,"Sinaloa",,698,"89 31996","89 31899","89 31920",,,,
2,3056,"Siglo Xxi",,,,,"Aguascalientes",,449,9725587,9726340,9726865,,,,
2,3714,"Mariano Hidalgo",,,,,"Aguascalientes",,449,9294762,9294772,9294973,,,,
2,3744,"Ojo Caliente",,,,,"Aguascalientes",,449,9715792,9715793,9715794,,,,
2,3802,"Convención",,,,,"Aguascalientes",,449,9163251,9163309,9163751,,,,
2,3865,"Villasunción",,,,,"Aguascalientes",,449,9783121,9783141,9783485,,,,
2,3905,"Santa Anita",,,,,"Aguascalientes",,449,9753604,9753605,9753609,,,,
2,1113,"Puertecito De La Virgen",,,,,"Aguascalientes",,449,9734466,9734467,9734468,,,,
2,1245,"Nochistlan De Mejia",,,,,"Zacatecas",,346,7131403,7132309,7132381,,,,
2,2067,"Encarnación",,,,,"Jalisco",,475,9532107,9532486,9533752,,,,
2,2113,"Pabellón",,,,,"Aguascalientes",,465,9588126,9588365,9588073,,,,
2,2815,"Calvillo",,,,,"Aguascalientes",,495,9560415,9560515,9560469,,,,
2,3009,"Rincon De Romos",,,,,"Aguascalientes",,465,9515216,9515218,9515219,,,,
2,3407,"San Fracisco De Los Romos",,,,,"Aguascalientes",,465,9673222,9671217,9671344,,,,
2,4180,"Teocaltiche",,,,,"Jalisco",,346,7875453,7874807,7874863,,,,
2,1930,"El Oro",,,,,"Estado De Mexico",,55,,53809590,53809724,53809856,,,
2,2767,"Doctores",,,,,"Df",,55,,54407511,55307114,55307450,,,
2,3074,"Villas De La Hacienda",,,,,"Estado De Mexico",,55,,58199019,58199028,58199053,,,
2,3752,"Vallejo",,,,,"Estado De Mexico",,55,,53923130,53913178,53922126,,,
2,3756,"Tlalnepantla",,,,,"Estado De Mexico",,55,,53900783,53904090,53904191,,,
2,3759,"San Rafael",,,,,"Df",,55,,55910166,55356103,55467302,,,
2,3763,"Mariano Escobedo",,,,,"Df",,55,,52502230,52501580,52506302,,,
2,3772,"Plaza Atizapan",,,,,"Estado De Mexico",,55,,58245755,58245751,58245752,,,
2,3798,"Santa Cecilia",,,,,"Estado De Mexico",,55,,53110041,53112105,53113121,,,
2,3808,"Bolivar",,,,,"Df",,55,,57616588,57616193,57616264,,,
2,4198,"El Tenayo",,,,,"Estado De Mexico",,55,,53092158,53092198,53092218,,,
2,5768,"Cd Labor",,,,,"Estado De Mexico",,55,,58949889,58949885,58949887,,,
2,1691,"Universidad, San Juan Del Río",,,,,"Queretaro",,427,2643469,2643645,2643664,2643691,,,
2,3733,"Satélite",,,,,"Queretaro",,442,2105059,2105066,2105067,,,,
2,3743,"Tula",,,,,"Hidalgo",,773,7320437,7324348,7324765,,,,
2,3889,"San Juan Del Rio",,,,,"Queretaro",,427,2729579,2721004,2729582,2748833,,,
2,5711,"San Pablo",,,,,"Queretaro",,442,2538491,2538492,2538493,,,,
2,1168,"Tequisquiapan",,,,,"Queretaro",,414,2734613,2734140,2734729,,,,
2,1244,"Pedro Escobedo",,,,,"Queretaro",,448,2750834,2750871,2751311,2751422,,,
2,1479,"Santa Elena",,,,,"Queretaro",,441,2771394,2770709,2771052,2771395,,,
2,2213,"Huichapan",,,,,"Hidalgo",,761,7821916,7822016,7822402,,,,
2,3047,"Jilotepec",,,,,"Estado De Mexico",,761,7344268,7344269,7344270,7344271,,,
2,3244,"Cadereyta",,,,,"Queretaro",,441,2761368,2761020,,,,,
2,1026,"Las Américas",,,,,"Queretaro",,442,2090889,2091601,2090397,,,,
2,1422,"Alfredo Jimenez",,,,,"Guanajuato",,418,1821855,1828449,1822570,,,,
2,3039,"San Miguel De Allende",,,,,"Guanajuato",,415,1507459,1507463,1507461,,,,
2,3148,"San Luis De La Paz",,,,,"Guanajuato",,468,6883573,6883707,6884020,,,,
2,3875,"Querétaro",,,,,"Queretaro",,442,2137415,2137419,2137424,,,,
2,3922,"Tintero",,,,,"Queretaro",,442,2202675,2202275,2202484,,,,
2,1729,"Plutarco Elias Calles",,,,,"Guanajuato",,419,1981366,1981398,,,,,
2,2058,"Comonfort",,,,,"Guanajuato",,412,1570835,1570836,1570837,1570838,,,
2,2086,"Apaseo El Alto",,,,,"Guanajuato",,413,1665054,1665055,1665056,1665057,,,
2,2593,"San Felipe",,,,,"Guanajuato",,428,6851570,6851597,6851862,,,,
2,4080,"Apaseo El Grande",,,,,"Guanajuato",,413,1585884,1585885,1585886,1585887,,,
2,4167,"Santa Rosa Jáuregui",,,,,"Queretaro",,442,2910306,2910434,2910630,2910778,,,
2,1494,"Acambaro",,,,,"Guanajuato",,417,1726226,1726206,1726335,,,,
2,2099,"Cortázar",,,,,"Guanajuato",,411,1190023,1190022,1190024,,,,
2,3291,"Salamanca Sur",,,,,"Guanajuato",,464,6493406,6493524,,,,,
2,3913,"Prof. Francisco Juarez",,,,,"Guanajuato",,461,6090371,6090372,6090374,,,,
2,3914,"Constituyentes",,,,,"Guanajuato",,461,1590262,1590261,1590259,,,,
2,3918,"Salamanca",,,,,"Guanajuato",,464,6482242,6486538,6482127,,,,
2,5734,"Moroleón",,,,,"Guanajuato",,445,4580323,4580331,4580928,,,,
2,1412,"Villagrán",,,,,"Guanajuato",,411,1653200,1653201,1653202,,,,
2,2015,"Puruándiro",,,,,"Michoacan",,438,3834007,3834004,3834005,,,,
2,2017,"Valle De Santiago",,,,,"Guanajuato",,456,6498083,6498149,6498096,,,,
2,2018,"Salvatierra",,,,,"Guanajuato",,466,1612330,1612329,1612331,,,,
2,2290,"Yuriria",,,,,"Guanajuato",,445,1685417,1685397,1684648,,,,
2,2595,"Tarimoro",,,,,"Guanajuato",,466,6641828,6641832,6641833,,,,
2,3716,"Jaral Del Progreso",,,,,"Guanajuato",,411,6610689,6611791,6611809,,,,
2,4168,"Juventino Rosas",,,,,"Guanajuato",,412,1577012,"157 7078","157 7121",,,,
2,1058,"Ciudad Hidalgo",,,,,"Michoacan",,786,1548651,1548662,1548667,0,,,
2,1236,"Atlacomulco",,,,,"Estado De Mexico",,712,1224719,1223712,1225155,1225386,,,
2,2240,"Santa Cruz",,,,,"Estado De Mexico",,722,2376254,2376051,0,0,,,
2,3043,"Zinacantepec",,,,,"Estado De Mexico",,722,2186289,1905026,1905197,1905639,,,
2,4017,"Toluca Aztecas",,,,,"Estado De Mexico",,722,2234356,2234358,2234375,0,,,
2,5850,"Zitácuaro",,,,,"Michoacan",,715,1567211,1567212,1567213,0,,,
2,1194,"Ixtlahuaca",,,,,"Estado De Mexico",,712,2837476,2837483,2837482,2837481,,,
2,1961,"Villa Victoria",,,,,"Estado De Mexico",,726,2516505,2516506,0,0,,,
2,2281,"Jesús Chaparro",,,,,"Estado De Mexico",,718,1260324,1260357,1260365,0,,,
2,2785,"Tenería",,,,,"Estado De Mexico",,712,1237689,1237690,1237691,0,,,
2,2823,"El Oro",,,,,"Estado De Mexico",,711,1251617,1251658,1251663,0,,,
2,3046,"Maravatio",,,,,"Michoacan",,447,4784274,4783952,4784630,4784616,,,
2,3150,"Capultitlán",,,,,"Estado De Mexico",,722,1980444,1981834,1983103,0,,,
2,3152,"San Pablo Autopan",,,,,"Estado De Mexico",,722,2717104,2968819,2969738,0,,,
2,1142,"Totoltepec",,,,,"Estado De Mexico",,722,1802115,1802116,1802117,,,,
2,1177,"Santiago Tianguistenco",,,,,"Estado De Mexico",,713,1339073,1339117,1339118,,,,
2,1428,"San Mateo Atenco",,,,,"Estado De Mexico",,728,2882700,2882779,2882789,,,,
2,2141,"Xonacatlán",,,,,"Estado De Mexico",,719,2864362,2864337,2864339,,,,
2,2221,"Alpinismo",,,,,"Estado De Mexico",,722,2742815,2743931,2743962,,,,
2,2873,"Dimas",,,,,"Estado De Mexico",,717,1324241,1324238,1324240,,,,
2,3725,"Toluca Pilares",,,,,"Estado De Mexico",,722,2759655,2759656,2759657,,,,
2,1714,"16 De Septiembre",,,,,"Estado De Mexico",,721,1432514,1433359,1433379,,,,
2,1979,"Tenango",,,,,"Estado De Mexico",,717,1444247,1444308,1444311,,,,
2,2783,"Villa Guerrero",,,,,"Estado De Mexico",,714,1461428,1461456,1461513,,,,
2,3151,"San Andrés Cuexcontitlán",,,,,"Estado De Mexico",,722,1797011,1797080,1797081,,,,
2,3411,"Coatepec Harinas",,,,,"Estado De Mexico",,723,1452954,1452953,,,,,
2,1496,"El Molinito",,,,,"Estado De Mexico",,55,53008137,53008002,53008074,,,,
2,1559,"San Mateo Nopala",,,,,"Estado De Mexico",,55,53442305,53442308,53442309,53442353,,,
2,2525,"Río Hondo",,,,,"Estado De Mexico",,55,53014264,53014289,53014337,,,,
2,3755,"Tacubaya",,,,,"Df",,55,52720551,52711315,52711688,,,,
2,3766,"La Viga",,,,,"Df",,55,55527100,55527033,55527055,,,,
2,3771,"Plaza Churubusco",,,,,"Df",,55,56505887,56490074,56496630,,,,
2,3782,"Centenario",,,,,"Df",,55,56606161,56600124,56601120,56606056,,,
2,3784,"1° De Mayo",,,,,"Estado De Mexico",,55,53586032,53586062,53586120,,,,
2,3786,"Santa Fe",,,,,"Df",,55,52572245,52572247,52572248,52572249,,,
2,3803,"Observatorio",,,,,"Df",,55,55162155,55161832,55160786,55162155,,,
2,3805,"Santa Lucía",,,,,"Df",,55,56150198,56150318,56150457,56150517,,,
2,1132,"Patzcuaro",,,,,"Michoacan",,434,3423863,3425477,3425311,,,,
2,1179,"Morelia Norte",,,,,"Michoacan",,443,3597509,3597510,3597511,,,,
2,1401,"Los Sauces",,,,,"Michoacan",,443,3413108,3413109,3413110,3413111,,,
2,1468,"Apatzingán",,,,,"Michoacan",,453,5345880,5344489,,,,,
2,3142,"Camino A Quiroga",,,,,"Michoacan",,443,3527772,3527773,3527774,,,,
2,3870,"Morelia",,,,,"Michoacan",,443,3153985,3151539,3151965,,,,
2,4195,"Zacapu",,,,,"Michoacan",,436,3632937,3633150,3633220,,,,
2,4542,"Morelia Tres Puentes",,,,,"Michoacan",,443,3271805,3278037,3278347,,,,
2,5827,"Morelia Este",,,,,"Michoacan",,443,3244827,3147915,3150158,3146448,,,
2,5843,"Uruapan",,,,,"Michoacan",,452,5030010,5030011,5030012,,,,
2,1231,"Purepero De Echaiz",,,,,"Michoacan",,471,3661514,3661669,,,,,
2,2069,"Nueva Italia",,,,,"Michoacan",,425,5353594,5353719,5353973,5354351,,,
2,3243,"Tacámbaro",,,,,"Michoacan",,459,5960853,5961412,5961648,,,,
2,3660,"Quiroga",,,,,"Michoacan",,454,3541044,3540950,3541924,,,,
2,3677,"Ario De Rosales",,,,,"Michoacan",,422,5211506,5211900,5211277,5211297,,,
2,3938,"Zinapécuaro",,,,,"Michoacan",,451,3550765,3550800,3551401,,,,
2,2009,"Acceso Norte",,,,,"San Luis Potosi",,444,5681014,5681015,5681016,,,,
2,2077,"Reforma San Luis Potosí",,,,,"San Luis Potosi",,444,8127116,8127196,8127944,,,,
2,2078,"Matehuala",,,,,"San Luis Potosi",,488,8817013,8816182,8817087,,,,
2,2098,"El Saucito",,,,,"San Luis Potosi",,444,8237569,8237570,8237571,,,,
2,3066,"Antonio Rocha",,,,,"San Luis Potosi",,444,6597362,6597387,6597434,,,,
2,3068,"Ciudad Río Verde",,,,,"San Luis Potosi",,487,8727046,8727047,8727510,,,,
2,3887,"Río Verde",,,,,"San Luis Potosi",,444,8228051,8228052,8228058,,,,
2,3919,"Nicolás Zapata",,,,,"San Luis Potosi",,444,8336629,8336630,8336631,,,,
2,5657,"Soledad De Graciano",,,,,"San Luis Potosi",,444,8542875,8542740,8542929,,,,
2,5851,"Constitución",,,,,"San Luis Potosi",,444,8203676,28204086,8204392,,,,
2,1120,"Dr. Arroyo",,,,,"Monterrey",,,,,,,,,
2,2508,"Salinas Hidalgo",,,,,"San Luis Potosi",,496,9633434,9638518,9633134,,,,
2,1068,"Lagos De Moreno",,,,,"Jalisco",,474,4032213,4032215,4032214,,,,
2,1086,"Delta",,,,,"Guanajuato",,477,1675329,1675360,1675361,,,,
2,1181,"León Echeveste",,,,,"Guanajuato",,477,7753930,7753293,7751347,,,,
2,2038,"Silao",,,,,"Guanajuato",,472,7233078,7221550,7222851,,,,
2,2994,"Duarte",,,,,"Guanajuato",,477,1673021,1673058,1673059,,,,
2,3804,"Hilario Medina",,,,,"Guanajuato",,477,7723349,7723365,7723382,,,,
2,3867,"Irapuato",,,,,"Guanajuato",,462,6276107,6276238,6276337,,,,
2,5710,"San Francisco Del Rincón",,,,,"Guanajuato",,476,7444656,7444657,7444658,,,,
2,5771,"Cervantes",,,,,"Guanajuato",,477,7072587,7702364,7703259,,,,
2,3220,"Romita",,,,,"Guanajuato",,432,7442025,7580324,7580342,,,,
2,3538,"Cuerámaro",,,,,"Guanajuato",,429,6942577,6942576,6940497,,,,
2,3676,"Manuel Doblado",,,,,"Guanajuato",,432,7443357,7443303,,,,,
2,4130,"Abasolo",,,,,"Guanajuato",,429,6936573,6936577,6931565,,,,
2,2768,"Agustín Lara",,,,,"Puebla",,248,4876930,4876931,4876932,,,,
2,3751,"Insurgentes Sur",,,,,"Df",,55,55734044,55730554,55734487,,,,
2,3760,"Lomas Estrella",,,,,"Df",,55,56562292,56562232,56562412,,,,
2,3761,"Tulyehualco",,,,,"Df",,55,58407342,58407343,58407344,,,,
2,3768,"Villa Coapa",,,,,"Df",,55,56730139,56732728,55940097,,,,
2,3778,"Xochimilco",,,,,"Df",,55,56766579,56766522,56766336,,,,
2,3788,"Margaritas",,,,,"Puebla",,222,2335816,2335817,2335818,,,,
2,3874,"Cantil",,,,,"Df",,55,56175065,56199814,56199423,56199573,,,
2,3897,"La Virgen",,,,,"Df",,55,56320446,56322764,56322824,,,,
2,3902,"Lázaro Cárdenas",,,,,"Michoacan",,753,5323033,5324285,5375492,5375498,,,
2,5799,"Zihuatanejo",,,,,"Guerrero",,755,5446921,5446922,5446923,5446924,,,
2,1893,"Libres",,,,,"Puebla",,233,4731160,4731160,4731699,4730635,,,
2,3124,"Tlatlauquitepec",,,,,"Puebla",,233,3181138,3181352,3181359,,,,
2,4162,"Zacapoaxtla",,,,,"Puebla",,233,3144194,3143457,,,,,
2,1001,"San Buenaventura",,,,,"Estado De Mexico",,55,25927649,25927258,25927220,25927036,,,
2,1109,"Ayotla",,,,,"Estado De Mexico",,55,22300559,22300753,22304003,,,,
2,3296,"Villas De Ayotla",,,,,"Estado De Mexico",,55,59860117,59865692,59866736,,,,
2,3442,"Glorieta Apizaco",,,,,"Tlaxcala",,241,4181282,4182341,4182404,,,,
2,3770,"Pantitlán",,,,,"Df",,55,57589324,55585581,57584383,,,,
2,3860,"Zaragoza",,,,,"Df",,55,57005170,57007089,57637631,,,,
2,3891,"Los Reyes",,,,,"Estado De Mexico",,55,26420264,26420265,26420266,,,,
2,4541,"Ixtapaluca",,,,,"Estado De Mexico",,55,26066024,26066025,26066026,,,,
2,5813,"La Paz",,,,,"Estado De Mexico",,55,26327876,26327877,26327878,,,,
2,1410,"Papalotla",,,,,"Tlaxcala",,222,2819038,2819093,2630705,,,,
2,1954,"Huamantla",,,,,"Tlaxcala",,247,1024181,1024801,1024713,,,,
2,3232,"Tlaxco",,,,,"Tlaxcala",,241,4961034,4961474,4961490,,,,
2,3565,"Contla",,,,,"Tlaxcala",,246,4612414,4612433,4613437,,,,
2,4169,"Zacatelco",,,,,"Tlaxcala",,246,4976401,4976438,4976505,,,,
2,1018,"Temixco",,,,,"Morelos",,777,6783169,6783170,6783172,6783167,,,
2,1056,"Altamirano",,,,,"Guerrero",,767,6722299,6722229,6723061,6724141,,,
2,2666,"Jojutla",,,,,"Morelos",,734,3421859,3426351,3426414,3428376,,,
2,3000,"Libramiento Taxco",,,,,"Guerrero",,762,6223152,6223854,6224053,6224026,,,
2,3785,"Cuautla",,,,,"Morelos",,735,3529246,3529252,3529260,,,,
2,3823,"Morelos",,,,,"Morelos",,777,3128120,3128118,3129018,,,,
2,3869,"Cuernavaca",,,,,"Morelos",,777,3156844,3157474,3156974,,,,
2,3911,"Iguala",,,,,"Guerrero",,733,3321180,3321793,3321599,3321505,,,
2,1444,"Teloloapan",,,,,"Guerrero",,736,3663431,3662147,3663118,,,,
2,1721,"Arcelia",,,,,"Guerrero",,732,3643069,3640826,3641152,,,,
2,1818,"Huetamo",,,,,"Michoacan",,435,1022314,1022315,1022316,,,,
2,2811,"Axochiapan",,,,,"Morelos",,769,3510378,3512398,3512477,,,,
2,3126,"Puente De Ixtla",,,,,"Morelos",,751,3443303,3444065,3443191,,,,
2,3736,"Libramiento Xoxocotla",,,,,"Morelos",,734,3456131,3456174,3456179,,,,
2,1057,"Chilpancingo",,,,,"Guerrero",,747,1195045,1160290,1160292,1160293,,,
2,1497,"El Caracol",,,,,"Guerrero",,744,4037874,4037936,4413457,,,,
2,2026,"Acapulco Universidad",,,,,"Guerrero",,744,4882811,4878832,4878683,,,,
2,2228,"La Polar",,,,,"Guerrero",,744,4802013,4800717,4801999,,,,
2,3230,"Chilpancingo Norte",,,,,"Guerrero",,747,4789294,4786165,4786601,,,,
2,3779,"Acapulco Costera",,,,,"Guerrero",,744,4853462,4851075,4851207,,,,
2,3806,"Renacimiento",,,,,"Guerrero",,744,4413007,4413021,4413037,,,,
2,3907,"Coloso Ii",,,,,"Guerrero",,744,4685920,4685921,4685922,,,,
2,1978,"Chilapa De álvarez",,,,,"Guerrero",,756,4753497,4753498,4753499,,,,
2,2786,"Tixtla",,,,,"Guerrero",,754,4741983,4742117,4742432,,,,
2,3675,"Ayutla De Los Libres",,,,,"Guerrero",,745,4550985,4551121,4550745,,,,
2,1025,"Atlixco",,,,,"Puebla",,244,4438025,4438026,4438027,,,,
2,1035,"Forjadores",,,,,"Puebla",,222,2615545,2615547,2615548,,,,
2,1768,"El Refugio",,,,,"Puebla",,222,2411509,2411511,,,,,
2,2769,"Hermanos Serdán",,,,,"Puebla",,222,2687779,2687793,2687794,2687795,,,
2,2808,"Cuautlancingo",,,,,"Puebla",,222,2212805,2212799,2212803,2212804,,,
2,2993,"Camino A Tlaltepango",,,,,"Puebla",,222,2883075,2882987,2883315,,,,
2,3796,"Mayorazgo",,,,,"Puebla",,222,2287292,2287343,,,,,
2,3880,"Plaza Dorada",,,,,"Puebla",,222,2430105,2430582,2434793,2434574,,,
2,3901,"Xilotzingo",,,,,"Puebla",,222,2645643,2645642,,,,,
2,4002,"Puebla Sur",,,,,"Puebla",,222,3688752,3688759,3688754,3688755,,,
2,4065,"Izucar De Matamoros",,,,,"Puebla",,243,4368875,4368871,4368873,4368874,,,
2,1540,"Acatlán",,,,,"Puebla",,953,5340966,5342119,5342216,,,,
2,1864,"5 De Mayo",,,,,"Puebla",,222,2831455,2831916,2831092,,,,
2,2285,"Huejotzingo",,,,,"Puebla",,227,2767454,2767455,2767456,,,,
2,1151,"Chiautempan",,,,,"Tlaxcala",,246,4580549,4580550,4580552,4580547,,,
2,1420,"14 Oriente",,,,,"Puebla",,222,2362031,2363178,2362986,2363163,,,
2,1923,"Amalucan",,,,,"Puebla",,222,2911697,2912627,2911724,,,,
2,2222,"San Jerónimo",,,,,"Puebla",,222,2100112,2100136,2100182,,,,
2,3754,"Plaza Loreto",,,,,"Puebla",,222,,2350363,2350789,2350872,,,
2,3773,"Vía Capú",,,,,"Puebla",,222,2204074,2204077,2204078,,,,
2,3793,"11 Sur",,,,,"Puebla",,222,2430511,2430616,,,,,
2,3903,"Tehuacán",,,,,"Puebla",,238,3822180,3822021,3822034,,,,
2,3923,"Xonaca",,,,,"Puebla",,222,2130242,2130238,2130243,,,,
2,5713,"Tlaxcala",,,,,"Tlaxcala",,246,4664244,4664264,4664262,4664263,,,
2,1077,"Tecamachalco",,,,,"Puebla",,249,4226034,4226035,4226036,4226037,,,
2,1977,"Amozoc",,,,,"Puebla",,222,2710551,2710864,2711030,,,,
2,2812,"Ajalpan",,,,,"Puebla",,236,3812108,3812831,3811869,,,,
2,3240,"San Pablo Del Monte",,,,,"Puebla",,222,2822604,2822828,1964853,,,,
2,3301,"Tepeaca",,,,,"Puebla",,223,1021044,1021048,2750603,,,,
2,4145,"Acatzingo",,,,,"Puebla",,249,4240872,4242349,4240872,4242405,,,
2,1069,"Cuauhtémoc",,,,,"Estado De Mexico",,55,59754329,59754352,59754355,,,,
2,1161,"Valle De Chalco",,,,,"Estado De Mexico",,55,17220063,17220820,17220825,,,,
2,1634,"Cuautzingo",,,,,"Estado De Mexico",,55,30919228,90919264,30919313,30918939,,,
2,2072,"Portal Chalco",,,,,"Estado De Mexico",,55,59732642,59732626,59732624,,,,
2,3668,"Real De Costitlan",,,,,"Estado De Mexico",,55,59246025,59241689,59242214,59247948,,,
2,3795,"Texcoco",,,,,"Estado De Mexico",,559,9547636,9547628,9547670,,,,
2,3884,"Chalco 2000",,,,,"Estado De Mexico",,55,30921374,30921377,30921379,,,,
2,4128,"Arca De Noé",,,,,"Estado De Mexico",,55,58528594,58528617,58528635,,,,
2,5730,"Chicoloapan",,,,,"Estado De Mexico",,55,59218236,59218237,59218238,,,,
2,5733,"Plaza Chimalhuacán",,,,,"Estado De Mexico",,55,50444211,58521582,58523549,58534416,,,
2,1030,"Amecameca",,,,,"Estado De Mexico",,597,9782486,9785657,,,,,
2,1501,"Ozumba",,,,,"Estado De Mexico",,597,9763090,9763091,,,,,
2,1519,"Tlalmanalco",,,,,"Estado De Mexico",,597,9773651,9775404,9775402,,,,
2,1133,"Santa Anita Oaxaca",,,,,"Oaxaca",,951,5179926,5179947,5179966,,,,
2,1180,"Tuxtepec",,,,,"Oaxaca",,287,1063407,1063410,1063411,,,,
2,1765,"Montoya",,,,,"Oaxaca",,951,1332912,1332911,,,,,
2,3023,"Huajuapan",,,,,"Oaxaca",,953,5305220,5305092,5305218,5305219,,,
2,5660,"San Sebastian Tutla",,,,,"Oaxaca",,951,5726301,5726413,5726422,5726424,,,
2,1241,"Tres Valles",,,,,"Veracruz",,288,8852707,8852708,8852709,,,,
2,1615,"Loma Bonita",,,,,"Oaxaca",,281,8722673,2722920,,,,,
2,1816,"Miahuatlán",,,,,"Oaxaca",,951,5721802,5721593,5720916,,,,
2,2816,"Putla",,,,,"Oaxaca",,953,5531680,5531692,5531694,,,,
2,3175,"San Antonino",,,,,"Oaxaca",,951,5711623,5396315,5711624,,,,
2,3408,"Villa De Etla",,,,,"Oaxaca",,951,5218307,5218313,5218314,,,,
2,1089,"Santa Rosa",,,,,"Oaxaca",,951,1320375,1320378,1320377,1320376,,,
2,2006,"Juchitán",,,,,"Oaxaca",,971,7123020,7123019,7123021,7123022,,,
2,3067,"Salina Cruz",,,,,"Oaxaca",,971,2813051,2813052,2813053,,,,
2,3669,"Naranjos",,,,,"Oaxaca",,951,5025423,1326683,5025422,5025433,,,
2,1650,"Ciudad Ixtepec",,,,,"Oaxaca",,971,7133039,7133040,7133041,,,,
2,1758,"Pinotepa Nacional",,,,,"Oaxaca",,954,5436700,5433435,5433995,,,,
2,1922,"Puerto Escondido",,,,,"Oaxaca",,954,5821830,5821865,,,,,
2,3125,"Pochutla",,,,,"Oaxaca",,958,5849206,5849210,5849211,,,,
2,1008,"Héroes Tecamac",,,,,"Estado De Mexico",,55,13130733,13130743,13130744,13130745,,,
2,1400,"Joyas De Coacalco",,,,,"Estado De Mexico",,55,58972137,58972154,58972217,,,,
2,1558,"La Palma",,,,,"Estado De Mexico",,55,58889959,58889960,58889961,,,,
2,2054,"Terranova",,,,,"Estado De Mexico",,55,29346654,29346655,29346657,29346658,,,
2,2871,"Viento Nuevo",,,,,"Estado De Mexico",,55,59588500,59588409,24860024,,,,
2,3065,"Bosques Del Valle",,,,,"Estado De Mexico",,55,26222874,58351446,58351604,,,,
2,3098,"Guadalupana",,,,,"Estado De Mexico",,55,59586488,59586496,59586509,59586578,,,
2,3765,"Ecatepec",,,,,"Estado De Mexico",,55,58820720,58820721,,,,,
2,3791,"Fuentes Del Valle",,,,,"Estado De Mexico",,55,58901922,58902073,58902173,,,,
2,3910,"Palomas",,,,,"Estado De Mexico",,55,58379944,58379942,58379939,,,,
2,4029,"Av. Nacional",,,,,"Estado De Mexico",,55,59316332,59316368,59316373,,,,
2,4558,"Tecamac",,,,,"Estado De Mexico",,55,59324235,59324233,59324232,,,,
2,1110,"Plaza Ecatepec",,,,,"Estado De Mexico",,55,57707831,57707863,57707866,,,,
2,1201,"San Agustín Ecatepec",,,,,"Estado De Mexico",,55,15410797,15170795,15410798,,,,
2,1828,"Acolman",,,,,"Estado De Mexico",,55,9575585,9575606,9575616,9575641,,,
2,3020,"Xalostoc",,,,,"Estado De Mexico",,55,15413533,15413848,,,,,
2,3026,"Gobernadora",,,,,"Estado De Mexico",,55,24590304,24590305,24590260,24590278,,,
2,3213,"La Presa",,,,,"Estado De Mexico",,55,57183394,57182225,57185536,57186372,,,
2,3753,"Plaza Aragón",,,,,"Estado De Mexico",,55,,57754370,57754120,57754222,,,
2,3757,"San Juan De Aragón",,,,,"Df",,55,55516831,55511817,55515350,,,,
2,3769,"Insurgentes Norte",,,,,"Df",,,,,,,,,
2,3774,"Ferrocarril Hidalgo",,,,,"Df",,55,55773747,55777312,55779344,,,,
2,3777,"Valle De Aragón",,,,,"Estado De Mexico",,55,,57104400,57104500,,,,
2,3783,"Santa Clara",,,,,"Estado De Mexico",,55,,57765434,57761198,57765559,,,
2,3792,"San Juanico",,,,,"Estado De Mexico",,55,57144840,57157862,57157973,,,,
2,3888,"Vía Morelos",,,,,"Estado De Mexico",,55,57701043,57701227,57703613,,,,
2,3892,"Av Central",,,,,"Estado De Mexico",,55,51211359,51211358,51211361,,,,
2,1104,"Tizayuca",,,,,"Hidalgo",,779,1007365,1007358,1007361,1007363,,,
2,1111,"Alamo",,,,,"Hidalgo",,771,7106839,7106840,7106841,,,,
2,1663,"El Manantial",,,,,"Hidalgo",,779,1004277,1004155,1004200,1004190,,,
2,3147,"Matilde",,,,,"Hidalgo",,771,1387726,1387727,1387728,,,,
2,3547,"Pachuquilla",,,,,"Hidalgo",,771,7913581,7913582,7913583,7913584,,,
2,3727,"Tulipanes",,,,,"Hidalgo",,771,7108802,7108801,7108802,7108803,,,
2,3767,"Pachuca",,,,,"Hidalgo",,771,7180792,7180865,7180931,,,,
2,5735,"Bonfil",,,,,"Hidalgo",,771,7165036,7166275,7165073,7165389,,,
2,1125,"Ixmiquilpan",,,,,"Hidalgo",,759,7287261,7287263,7287264,,,,
2,1759,"Zimapán",,,,,"Hidalgo",,759,7283046,7283385,7283287,,,,
2,2087,"Actopan",,,,,"Hidalgo",,772,7289060,7289061,7289620,,,,
2,3050,"Valle Del Mezquital",,,,,"Hidalgo",,738,7357615,7357621,7357636,,,,
2,3089,"Zacualtipán",,,,,"Hidalgo",,774,7425482,7425495,7425496,7425497,,,
2,3234,"Tezontepec De Aldama",,,,,"Hidalgo",,763,7377138,7377139,7377140,,,,
2,4081,"Tlaxcoapan",,,,,"Hidalgo",,778,7371552,7371553,7371554,7371555,,,
2,1002,"Teotihuacán",,,,,"Estado De Mexico",,594,9563528,9560929,9561048,9561086,,,
2,3004,"Huauchinango",,,,,"Puebla",,776,7456164,7456165,7456166,7456167,,,
2,3722,"Tulancingo",,,,,"Hidalgo",,775,7543370,7543371,7543372,7543373,,,
2,1081,"Ciudad Sahagún",,,,,"Hidalgo",,791,9169528,9169529,9169530,9169531,,,
2,1418,"Calpulalpan",,,,,"Tlaxcala",,749,9182020,9182107,9182153,9185158,,,
2,1502,"Cuautepec",,,,,"Hidalgo",,775,7703695,7703696,,,,,
2,1813,"Otumba",,,,,"Estado De Mexico",,592,"92 24057","92 24056","92 24058",,,,
2,2055,"Zacatlán",,,,,"Puebla",,797,9757015,9757016,9757017,9755978,,,
2,2088,"Xicotepec",,,,,"Puebla",,764,,7644360,7644954,,,,
2,2145,"Norte Chignahuapan",,,,,"Puebla",,797,9712763,,,,,,
2,2824,"Apan",,,,,"Hidalgo",,748,9121976,9121965,9122081,,,,
2,1150,"Huehuetoca",,,,,"Estado De Mexico",,593,9181549,9181385,9182556,,,,
2,1199,"Tepojaco",,,,,"Estado De Mexico",,55,26027537,26027538,26027540,,,,
2,1830,"Arbolada Los Sauces",,,,,"Estado De Mexico",,591,9186127,9186126,9186130,,,,
2,1870,"Tepotzotlan",,,,,"Estado De Mexico",,55,58769187,58769117,58769137,,,,
2,1899,"San Juan De La Labor",,,,,"Estado De Mexico",,591,9160946,9160947,,,,,
2,3141,"San Pablo Tultitlán",,,,,"Estado De Mexico",,55,21598315,21598325,,,,,
2,3750,"Autopista Querétaro",,,,,"Estado De Mexico",,55,58720506,58720515,58720800,,,,
2,3787,"Cuautitlán",,,,,"Estado De Mexico",,55,58813313,58813314,58813315,,,,
2,3871,"Plaza Cuautitlán",,,,,"Estado De Mexico",,55,58712144,58712202,58712262,,,,
2,3883,"Melchor Ocampo",,,,,"Estado De Mexico",,55,58700805,58700873,58704583,,,,
2,3924,"Cofradías",,,,,"Estado De Mexico",,55,16761985,16761987,16761988,,,,
2,5770,"Zumpango",,,,,"Estado De Mexico",,591,9176942,9176977,9176978,,,,
2,1713,"Aurora",,,,,"Estado De Mexico",,55,58895488,58893865,58894152,,,,
2,1755,"Apaxco",,,,,"Estado De Mexico",,599,9983800,9983819,9983813,,,,
2,3487,"Tequixquiac",,,,,"Estado De Mexico",,591,9121125,9121164,9121231,,,,
2,2736,"Chimalhuacan Peñon",,,,,"Estado De Mexico",,55,51112901,51112935,51113341,51113421,,,
2,3561,"Durango",,,,,"Durango",,618,"1 35 80 85",1358087,1358089,1358123,,,
2,3762,"Chimalhuacán",,,,,"Estado De Mexico",,55,57311214,57311214,57311468,,,,
2,3764,"Iztapalapa",,,,,"Df",,55,55819353,55819977,55818548,,,,
2,3775,"La Aurora",,,,,"Estado De Mexico",,55,,57300164,57301640,57303762,,,
2,3776,"Sor Juana",,,,,"Estado De Mexico",,55,57654963,57654645,57654166,,,,
2,3797,"Cabeza De Juárez",,,,,"Df",,55,57447791,57445525,57447812,,,,
2,3799,"ángeles Iztapalapa",,,,,"Df",,55,56131080,56131597,56131759,,,,
2,3916,"Iztapalapa Norte",,,,,"Df",,55,54274888,54274722,54294399,,,,
2,1440,"Nuevo Ideal",,,,,"Durango",,677,8731631,8732393,8732025,,,,
2,1718,"Santiago Papasquiaro",,,,,"Durango",,674,8626173,8626173,8623446,8622196,,,
2,1960,"Guadalupe Victoria",,,,,"Durango",,676,8824038,8824085,8824097,,,,
2,2027,"Zacatecas",,,,,"Zacatecas",,492,7686983,7686984,7686985,7686986,,,
2,3626,"Fresnillo",,,,,"Zacatecas",,493,9333512,9333516,9333518,,,,
2,4042,"García Salinas",,,,,"Zacatecas",,492,9981670,9981671,9981672,9981673,,,
2,1651,"Ojo Caliente",,,,,"Zacatecas",,458,9445459,9445461,9445463,9445464,,,
2,2144,"Vicente Guerrero",,,,,"Durango",,675,8652085,8652098,8652193,,,,
2,3048,"Jerez",,,,,"Zacatecas",,494,9471797,9471798,9471799,9471801,,,
2,3085,"Río Grande",,,,,"Zacatecas",,498,9839630,9839631,9839632,9839633,,,
2,3153,"Sombrerete",,,,,"Zacatecas",,433,9351768,9350884,9351027,,,,
2,3219,"Juan Aldama",,,,,"Zacatecas",,498,9831993,9829241,9830136,,,,
2,3564,"Jalpa",,,,,"Zacatecas",,463,9554341,9554562,9554681,,,,
2,3659,"Tlaltenango De Sánchez Román",,,,,"Zacatecas",,437,9541821,9541870,9542130,,,,
2,3937,"Villanueva",,,,,"Zacatecas",,499,9261176,9261335,9261381,,,,
2,4172,"Calera Centro",,,,,"Zacatecas",,478,9855309,9855308,9855310,9855311,,,
2,5610,"Valparaíso",,,,,"Zacatecas",,457,9361722,9361722,9361435,,,,
2,1017,"Quetzalcoatl",,,,,"Yucatan",,999,,1660781,1660782,1660784,,,
2,1036,"Merida Montejo",,,,,"Yucatan",,999,,9537569,9537570,9537600,,,
2,1037,"Campeche Este",,,,,"Campeche",,981,,8158134,8158136,8158135,,,
2,2029,"Mérida Itzaes",,,,,"Yucatan",,999,,1765547,1765548,1765552,,,
2,3022,"Progreso",,,,,"Yucatan",,969,,9356966,9356967,9356968,,,
2,3040,"Juan Pablo Ii",,,,,"Yucatan",,999,,1672148,1672149,1672150,,,
2,3295,"Glorieta Caucel",,,,,"Yucatan",,999,,9530121,9530041,9530051,,,
2,4075,"Patricio Trueba",,,,,"Campeche",,981,,8131214,8131607,8131894,,,
2,1435,"Uman Centro",,,,,"Yucatan",,988,,9331962,9331965,,,,
2,1919,"Oxkutzcab",,,,,"Yucatan",,997,,9752097,9752183,9752225,,,
2,1952,"Kanasín",,,,,"Yucatan",,999,,2122927,2122924,2122925,,,
2,1983,"Ticul",,,,,"Yucatan",,997,,9721988,9722644,9720615,,,
2,2817,"Tekax",,,,,"Yucatan",,997,,9742217,9742218,9742219,,,
2,2877,"Calkiní",,,,,"Campeche",,996,,9611460,9611461,9611462,,,
2,3551,"Izamal",,,,,"Yucatan",,988,,9541159,9541161,9541162,,,
2,3656,"Hecelchakán",,,,,"Campeche",,996,,8270131,8270157,,,,
2,4131,"Hunucmá",,,,,"Yucatan",,988,,9310804,9310805,9310806,,,
2,4132,"Motul",,,,,"Yucatan",,991,,9152271,9152272,9152273,,,
2,1004,"Talleres",,,,,"Quintana Roo",,998,,1460234,1460235,1460236,,,
2,1005,"Kabah",,,,,"Quintana Roo",,998,,1324812,1324813,1324814,,,
2,1038,"Chetumal",,,,,"Quintana Roo",,983,,2087573,2087287,2087286,,,
2,1124,"Corales",,,,,"Quintana Roo",,998,,8474466,8474467,8474468,,,
2,1665,"Villas Otoch",,,,,"Quintana Roo",,998,1328949,1328955,1328956,1328954,,,
2,2476,"Nahil",,,,,"Quintana Roo",,998,,"207 0373","207 0376","207 03785",,,
2,2945,"Valladolid",,,,,"Yucatan",,985,,8561871,8561877,,,,
2,3399,"Cozumel",,,,,"Quintana Roo",,987,,8695014,8695015,,,,
2,3670,"Playa Maya",,,,,"Quintana Roo",,998,,2070405,2070409,2070412,,,
2,4016,"Playa Del Carmen",,,,,"Quintana Roo",,984,,1092495,1092496,1092497,,,
2,2286,"Cobá - Tulum",,,,,"Quintana Roo",,984,,1240316,1240317,1240318,,,
2,2289,"Felipe Carrillo Puerto",,,,,"Quintana Roo",,983,,8341210,8340382,8340544,,,
2,4061,"Tizimín",,,,,"Yucatan",,986,8636671,8636672,8636673,8636674,,,
2,1088,"Comitán",,,,,"Chiapas",,963,1013849,1013851,1013852,,,,
2,1897,"San Cristóbal",,,,,"Chiapas",,967,6317588,6317589,6317590,6317591,,,
2,3002,"Sumidero",,,,,"Chiapas",,961,6568580,6568581,6568582,,,,
2,3304,"Carretera Villaflores",,,,,"Chiapas",,961,1413576,1413577,1413578,,,,
2,3904,"Tuxtla Oriente",,,,,"Chiapas",,961,6042279,6042280,6042281,,,,
2,3917,"Tuxtla Centro",,,,,"Chiapas",,961,6122463,6122411,6122393,,,,
2,4125,"Terán",,,,,"Chiapas",,961,6715941,6716022,6716065,,,,
2,1237,"Bochil",,,,,"Chiapas",,919,6531280,6531281,,,,,
2,1254,"Acalá",,,,,"Chiapas",,961,6535899,6535900,6535901,,,,
2,1424,"Simojovel",,,,,"Chiapas",,919,6850798,6850799,,,,,
2,1432,"Ocosingo",,,,,"Chiapas",,919,6732164,6732165,6732166,6732168,,,
2,2143,"Teopisca",,,,,"Chiapas",,992,6760165,6760620,6760621,,,,
2,2246,"Las Margaritas",,,,,"Chiapas",,963,6361233,6361234,,,,,
2,3568,"Berriozabal Sur",,,,,"Chiapas",,961,6560506,6560467,6560469,,,,
2,5607,"Las Rosas",,,,,"Chiapas",,992,6720952,6720953,6720954,,,,
2,1082,"Tapachula Norte",,,,,"Chiapas",,962,1182436,1182435,1182436,1182437,,,
2,3908,"Tapachula",,,,,"Chiapas",,962,6263756,6261987,6263756,6262459,,,
2,1434,"Tonalá Hielera",,,,,"Chiapas",,966,6635637,6635637,0,0,,,
2,1450,"Ciudad Hidalgo",,,,,"Chiapas",,962,6983015,6983015,6983016,6983019,,,
2,1649,"Cacahoatán",,,,,"Chiapas",,962,6221193,6221187,6221193,0,,,
2,1894,"Central Sur",,,,,"Chiapas",,966,6622768,6622768,6621758,0,,,
2,2115,"Mapastepec",,,,,"Chiapas",,918,6431930,6431930,6431931,0,,,
2,2825,"Motozintla De Mendoza",,,,,"Chiapas",,962,6411406,6411406,6411407,6411409,,,
2,2926,"Pijijiapán",,,,,"Chiapas",,918,6452495,6452495,6452496,6452497,,,
2,4032,"Cintalapa",,,,,"Chiapas",,968,6846199,6846199,6846200,6846202,,,
2,4079,"Huixtla",,,,,"Chiapas",,964,6423926,6423924,6423925,6423926,,,
2,4161,"Comalapa",,,,,"Chiapas",,963,6311681,6311681,0,0,,,
2,5604,"Escuintla",,,,,"Chiapas",,918,6440885,6440885,6440881,6440883,,,
2,1023,"Periférico Sur",,,,,"Tabasco",,993,1311089,1311101,1311109,0,,,
2,1101,"Ciudad Industrial",,,,,"Tabasco",,993,1404070,1404078,1404110,0,,,
2,1693,"Jalpa De Méndez",,,,,"Tabasco",,914,3372185,3372179,0,0,,,
2,1728,"Saraguato",,,,,"Chiapas",,916,3454359,3450567,3450702,3451085,,,
2,2142,"Reforma Macuspana",,,,,"Tabasco",,936,3629403,3629404,3629405,3629407,,,
2,3558,"Carretera De Nacajuca",,,,,"Tabasco",,993,3179187,3179745,0,0,,,
2,4113,"Ciudad Del Carmen",,,,,"Campeche",,938,1182835,1182836,1182837,0,,,
2,5736,"Cárdenas",,,,,"Tabasco",,937,3226121,3226207,3226219,0,,,
2,1762,"Cunduacán",,,,,"Tabasco",,914,3362870,3362871,3362872,3362873,,,
2,1951,"Villa Parrilla",,,,,"Tabasco",,993,2040281,2040304,2040305,0,,,
2,1963,"Zaragoza",,,,,"Tabasco",,913,3321363,3321377,3320648,3320772,,,
2,3049,"Teapa",,,,,"Tabasco",,932,3223055,3223056,3223057,3223058,,,
2,3084,"Huimanguillo",,,,,"Tabasco",,917,3753211,3753212,3753213,3753214,,,
2,3658,"Balancán",,,,,"Tabasco",,934,3441674,3441675,3441676,3441677,,,
2,3711,"Benito Juárez",,,,,"Tabasco",,936,3610767,3610768,3610769,0,,,
2,4035,"Tenosique De Pino Suárez",,,,,"Tabasco",,934,3424465,3424466,3424467,3424468,,,
2,1055,"Orizaba",,,,,"Veracruz",,272,1063994,1063999,1063998,,,,
2,1143,"Teziutlán",,,,,"Puebla",,231,3126818,3126819,3126820,,,,
2,3001,"Av 11 Cordoba",,,,,"Veracruz",,271,7149820,,7149293,,,,
2,3297,"Río Blanco",,,,,"Veracruz",,272,7274626,7275499,7275904,7275909,,,
2,4194,"Martínez De La Torre",,,,,"Veracruz",,232,3735134,3735135,3735136,,,,
2,1165,"Huatusco",,,,,"Veracruz",,273,,7345655,7345656,7345650,,,
2,1167,"Tlapacoyan",,,,,"Veracruz",,225,3153529,3153532,3153533,3153534,,,
2,1477,"Ciudad Serdán",,,,,"Puebla",,245,4522202,4522221,4520164,,,,
2,2085,"Perote",,,,,"Veracruz",,282,8254836,8254837,,,,,
2,2814,"Cuitláhuac",,,,,"Veracruz",,278,7325127,7321902,,7321514,,,
2,2876,"Ixtaczoquitlán",,,,,"Veracruz",,272,7212401,7212400,7212396,7212403,,,
2,2929,"Paso Del Macho",,,,,"Veracruz",,273,7381139,7381135,7381140,7381141,,,
2,3366,"Coscomatepec",,,,,"Veracruz",,273,7370898,7370945,73700991,,,,
2,4144,"Altotonga",,,,,"Veracruz",,226,3161698,3160483,,,,,
2,5673,"Fortín De Las Flores",,,,,"Veracruz",,271,7132089,7132083,7132120,7132210,,,
2,1426,"Coyol",,,,,"Veracruz",,229,9720103,3813537,9819749,,,,
2,2024,"Ejército Mexicano",,,,,"Veracruz",,229,1309116,1309117,1309118,1309119,,,
2,2664,"Coatepec Sur",,,,,"Veracruz",,228,1296516,,,,,,
2,2809,"Medellín Ii",,,,,"Veracruz",,229,9554692,9554693,9554694,9554695,,,
2,2932,"Las Trancas",,,,,"Veracruz",,228,8171025,8171183,8171368,,,,
2,2951,"Veracruz Norte",,,,,"Veracruz",,229,1651475,1651450,1651475,1651488,,,
2,3173,"Tejeria",,,,,"Veracruz",,229,9208807,9208816,9208935,,,,
2,3898,"Díaz Mirón",,,,,"Veracruz",,229,9315169,9316364,9316540,,,,
2,1814,"Cardel",,,,,"Veracruz",,296,9623956,9623372,9628435,,,,
2,3008,"Misantla",,,,,"Veracruz",,235,3234858,3234859,0,,,,
2,3174,"Banderilla",,,,,"Veracruz",,228,8112611,8112874,8112297,,,,
2,3672,"Xico",,,,,"Veracruz",,228,8131905,8131839,8131991,,,,
2,3934,"Soledad De Doblado",,,,,"Veracruz",,285,9720603,9721402,9721090,,,,
2,1029,"Comalcalco",,,,,"Tabasco",,933,3348142,3348172,3348173,,,,
2,1174,"Minatitlán",,,,,"Veracruz",,922,2417384,2417345,2417387,,,,
2,1526,"Paraíso",,,,,"Tabasco",,933,3330853,3330854,,,,,
2,2008,"San Andrés Tuxtla",,,,,"Veracruz",,294,9428485,9428486,9428487,,,,
2,2597,"Cosoleacaque",,,,,"Veracruz",,922,2222557,2221299,2221377,2222354,,,
2,3041,"Transístmica",,,,,"Veracruz",,921,2151439,2148000,2152048,,,,
2,5812,"Coatzacoalcos",,,,,"Veracruz",,921,2182868,2182884,2182870,,,,
2,1166,"Agua Dulce",,,,,"Veracruz",,923,2335695,2335744,,,,,
2,1193,"Isla Veracruz",,,,,"Veracruz",,283,8742941,8742942,8742943,8742944,,,
2,2020,"Las Choapas",,,,,"Veracruz",,923,2377183,2377191,2377192,,,,
2,2114,"Catemaco",,,,,"Veracruz",,294,9432911,9432912,9432913,,,,
2,3935,"Santiago Tuxtla",,,,,"Veracruz",,294,9470789,9471163,,,,,
2,4060,"Reforma Chiapas",,,,,"Chiapas",,917,3288647,3288664,3288666,3288670,,,
