2,1045,"Domingo Diez",,,,Cuernavaca,Morelos,,"01 (777)","372-3315 / 3316 / 3320",,Ext.103,,,,
2,2090,Angelópolis,,,,"San Andres Cholula",Puebla,,"01 (222)","225 0282 / 225 0516 / 225 0825 / 225 0839 / 225 1836","225 2436 / 225 3044","Ext. 105",,,,
2,2731,"El Molinito",,,,"Apetatitlan De Antonio Carvajal",Tlaxcala,,"01 (246)","4687525 / 4687526 / 4687527 / 4687528 / 4687529 / 4687530",,,,,,
2,2732,"Hospital General",,,,Puebla,Puebla,,"01 (222)","3953447  / 3953448 / 3953506 / 3953485/ 3953519 / 3953376",,,,,,
2,3588,Paraiso,,,,Temixco,Morelos,,"01 (777)","326-9292/ 325-4212/ 325-4319/ 325-4782/ 325-6025/ 325-6304",,,,,,
2,3853,"San Manuel",,,,Puebla,Puebla,,"01 (222)","244 9433 / 244 9696 / 244 9711 / 245 1700","245 1799","Ext. 105",,,,
2,3864,Reforma,,,,Puebla,Puebla,,"01 (222)","248 4711 / 248 4866 / 248 5086 / 248 5300",,"Ext. 102/104",,,,
2,3886,"Las Animas",,,,Puebla,Puebla,,"01 (222)","231 8694 / 231 8696 / 231 8697/ 248 0223 / 248 0090","248 9788","Ext. 105",,,,
2,3929,"Salina Cruz Ii",,,,"Salina Cruz",Oaxaca,,"01 (971)","7161 774 Al 782",,,,,,
2,4090,"Los Atrios Cuautla",,,,Cuautla,Morelos,,"01 (735)","1 22 23 29 Al 38",,"Ext. 102",,,,
2,5727,Jiutepec,,,,Jiutepec,Morelos,,"01 (777)","3 09 17 23 / 1880 / 2024 Al 30",,"Ext. 105",,,,
2,1108,Altozano,,,,Morelia,Michoacan,,"01 (443)","340 54 65/ 340-44-83/84/85/86/87",01-(443)-340-54-65,,,,,
2,2050,Uruapan,,,,Uruapan,Michoacan,,"01 (452)","119 14 09 Al 20","11 91  408",1191408,,,,
2,2343,Toluca,,,,Toluca,"Edo Mex",,"01 (722)","219 91 00  / 01 / 02 / 05  / 06 / 07",,,,,,
2,2381,Morelia,,,,Morelia,Michoacan,,"01 (443)","327 4800 Al 10","Ext. 170 Y 171","Ext. 202",,,,
2,2734,"Plaza Ana",,,,Zamora,Michoacan,,01(351),"515-1302 / 03 / 37 / 42 / 47 / 88","122 56 13","Ext. 102",,,,
2,3198,"La Piedad",,,,"Cerro Grande",Michoacan,,01(352),"525-6266 /  525-6267 / 525-6268 / 525-6269 / 525-6270",525-6271,,,,,
2,3355,"Estadio Morelia",,,,Morelia,Michoacan,,"01 (443)","176 15 31 Al 36",1761535,"Ext. 102",,,,
2,3554,"Mil Cumbres",,,,Morelia,Michoacan,,"01 (443)","334 73 32","(01443) 333 22 89",105,,,,
2,3790,Metepec,,,,Toluca,"Edo Mex",,"01 (722)","212 38 48 / 50 / 51 / 55",,"Ext. 102 / 103",,,,
2,5702,Santin,,,,Toluca,"Edo Mex",,"01 (722)","2104044 / 2104046",,,,,,
2,5791,Zinacantepec,,,,Toluca,"Edo Mex",,"01 (722)","278 5158 / 0896 / 5104",,"Ext. 149  / 150",,,,
2,5825,"Alfredo Del Mazo",,,,Toluca,"Edo Mex",,"01 (722)","237 1939 / 2113 / 1407",,"Ext. 103",,,,
2,1022,"López Mateos",,,,Guadalajara,Jalisco,,"01 (33)","3612 7111 / 6799 / 6922",,"Ext 102 Y 103",,,,
2,1119,Colón,,,,Guadalajara,Jalisco,,"01 (33)","3687 1860   /  3687 1847  Al 55",,"Ext. 105",,,,
2,1403,Chapala,,,,Chapala,Jalisco,,"01 (376)","766 3280 / 3285/ 3426/ 3716/ 3858/ 4056",,,,,,
2,1686,"La Cima",,,,Zapopan,Jalisco,,"01 (33)","38 34 15 58 / 38 34 14 11 / 38 34 13 69",,,,,,
2,2342,Vallarta,,,,Guadalajara,Jalisco,,"01 (33)","3673 2323 / 3673 2707 / 3673 2326 / 3673 2451",,"Ext. 102 Y 103",,,,
2,3113,Nilo,,,,Guadalajara,Jalisco,,"01 (33)","3680 5489 / 6263 / 9084 / 9372",,"Ext. 105",,,,
2,3631,Tonalá,,,,Guadalajara,Jalisco,,"01 (33)","3602 7120 Al 25","3602 7131",,,,,
2,3721,"ávila Camacho",,,,Guadalajara,Jalisco,,"01 (33)","31 11 00 54 / 55 / 56 / 57 / 58 / 59 / 60 / 61","31 11 00 62","31 11 00 64 Fax",,,,
2,3856,"Plaza México",,,,Guadalajara,Jalisco,,"01 (33)","3813- 1336 /  3813 1032   /   3813 2966","3813 24 74 / 3813 2966 / 3813 1336 / 3813 1678",,,,,
2,3861,Revolución,,,,Guadalajara,Jalisco,,"01 (33)","3635 4240 /  2725/  9799 / 36356217 / 38384370","3639 0672",,,,,
2,3878,"Niño Obrero",,,,Guadalajara,Jalisco,,"01 (33)","31-21-08-24  Y   31-21-04-19",,,,,,
2,3928,"Guadalajara Parques",,,,Zapopan,Jalisco,,"01 (33)","16-57-14-54 Y 16-57-14-57",,"Ext. 102 Y 103",,,,
2,4012,"Jardines Del Sol",,,,Guadalajara,Jalisco,,"01 (33)","3632 2579 / 40 / 2658/",,,,,,
2,4071,Patria,,,,Zapopan,Jalisco,,"01 (33)","3610-1902 / 1416 / 1570 / 1894 / 1448 / 1355",,"Ext:102 Y 103",,,,
2,4540,"16 De Septiembre",,,,Guadalajara,Jalisco,,"01 (33)","3658  3381 / 82  / 86 / 88",,,,,,
2,1140,"Plaza San Pedro",,,,Mexicali,"Baja California",,"01 (686)","564 5459 / 564 5396 / 564 5382",Ext.102,Ext.105,,,,
2,2023,"Macro Plaza Insurgentes",,,,Tijuana,"Baja California",,"01 (664)","625   0067 / 0069 / 0130/ 0146/ 0160 / 0165 / 0172 / 0174 / 0178 / 0230",,"Fax 01(664) 625 0253",,,,
2,2042,"Nogales el Greco",,,,Nogales,Sonora,,"01 (631)","3147 940/ 314 6522/ 3147 125/ 3148 018/ 3149 013",,"3193 056",,,,
2,2304,Mexicali,,,,Mexicali,"Baja California",,"01 (686)","561 3611  /  561 8501  / 561 9638",,"Ext. 103",,,,
2,2947,"Ensenada Centro",,,,Ensenada,"Baja California",,"01 (646)","646 176 50 62",,,,,,
2,3015,Ensenada,,,,Ensenada,"Baja California",,"01 (646)","173 3079/ 3076/ 3080/ 3092 / 3064/ 3068/ 3072/ 3069/ 3065/ 3059","646 173 3098","Fax. Ext. 105",,,,
2,3664,"Diaz Ordaz",,,,Tijuana,"Baja California",,"01 (664)","9027085/ 9027464",,"102 Y 103",,,,
2,4011,"Tijuana Hipodromo",,,,Tijuana,"Baja California",,01(664),"6816150 / 6815682 / 6815400 / 6814718 / 6814668 / 6814493",,"102 Y 103",,,,
2,4026,"Galerías Del Valle",,,,Mexicali,"Baja California",,"01 (686)","568 05 79 / 568 03 36 / 568 05 46 / 568 02 64 / 568 04 97 / 555 96 37 / 555 96 71 / 568 00 62 / 568 02 59 / 555 85 97",,,,,,
2,4155,"Tijuana 2000",,,,Tijuana,"Baja California",,"01 (664)","2118659-60 / 2118638/2118570/211633/2118555",,,,,,
2,4187,"Playas De Rosarito",,,,Rosarito,"Baja California",,"01 (661)","613 92 44 Al 54",,,,,,
2,1489,"Hiperplaza Texcoco",,,,Texcoco,"Edo. De Mex.",,"01 (595)","9251524 / 1611/ 1686/ 1749/ 1757/ 1762/ 1768/ 1817/ 1932/ 1972",,,,,,
2,1724,"Los Reyes",,,,Zumpango,"Edo. De Mex.",,"01 (591)","9185 485 / 5193 / 5222 / 5234 / 5296 / 5374","Ext. 103, 105 Y 102",,,,,
2,2219,Jorobas,,,,Huehuetoca,"Edo. De Mex.",,"01 (593)","911 11 61 / 1163 / 1174 / 22 92 / 0258",,,,,,
2,3061,"Combo Pachuca",,,,Pachuca,Hidalgo,,"01 (77)","1719 7558 / 6551/ 6648 / 6750 / 6931/ 6944",,"Ext. 105",,,,
2,3356,"Lazaro Cardenas",,,,"Lazaro Cardenas",Michoacan,,"01 (753)",01(753)54-142-83,,"Ext. 105, 103 Y 102",,,,
2,3503,"Ecatepec Centro",,,,"Ecatepec De Morelos","Edo. De Mex.",,"01 (55)",15-50-50-24/15-50-41-16,,,,,,
2,3900,Coacalco,,,,Coacalco,"Edo. De Mex.",,"01 (55)","5898 5268 / 0637 / 0468 / 0463",,,,,,
2,4018,"Santa María Coacalco",,,,Coacalco,"Edo. De Mex.",,"01 (55)","2644 1834 / 2644 1871,73 / 1039 8231 / 1039 8632",,"Ext. 102",,,,
2,4109,"Puerta Texcoco",,,,Texcoco,"Edo. De Mex.",,"01 (595)","921 1944/ 0647 / 0668 / 0933 / 1275 / 1500 / 1506 / 1567 / 1573 / 1587",,,,,,
2,1107,Ixtapaluca,,,,Ixtapaluca,"Edo. De Mex.",,"01 (55)","59 72 74 43 / 26 06 6410 / 6434 / 6809",,"26 06 95 51",,,,
2,1171,"San José Tecamac",,,,Tecamac,"Edo. De Mex.",,"01 (55)","5936 0265 / 4429  /  1383 9725 Al 27",,"Ext 105",,,,
2,1202,Horizonte,,,,"Valle De Chalco","Edo. De Mex.",,01(55),16433246/1677/1683/2067/3430/3449,,Ext.102,,,,
2,1683,"Vicente Guerrero",,,,Chalco,"Edo. De Mex.",,"01 (55)","5982-8595 / 8598 / 8603 / 8607 / 8668",,"Ext 105",,,,
2,2840,"Insurgentes Chetumal",,,,Chetumal,"Quintana Roo",,"01 (983)","11 85 175 / 76",,,,,,
2,3016,"Macro Plaza Heroes Tecamac",,,,Tecamac,"Edo. De Mex.",,"01 (55)","1738 6520 / 4518 / 4532 / 4563 / 4804",,"Ext. 105",,,,
2,4546,Zacatecas,,,,Zacatecas,Zacatecas,,"01 (492)","925 1054/ 925 1056",,"Ext. 102 Y 103",,,,
2,5765,"Las Americas",,,,"Ecatepec De Morelos","Edo. De Mex.",,"01 (55)","2486 4046 Al 52","24 86 40 56","Ext. 105",,,,
2,1054,"Colima Norte",,,,Colima,Colima,,"01 (312)","323 5319 Al 22/ 323 5324 Al 26",,"Ext 105",,,,
2,2345,Tepeyac,,,,Mexico,D.f.,,"01 (55)","5517 0398 / 0336 / 0257/ 3067",Ext.102,,,,,
2,3506,"Simbolos Patrios",,,,Oaxaca,Oaxaca,,"01 (951)","1449101 / 1449104 / 1449105 / 1449106",,"Ext. 105 / 103",,,,
2,3846,Buenavista,,,,Mexico,D.f.,,"01 (55)","5566 3711 / 3037","5546 0747","5566 7440",,,,
2,3877,"Torres  Lindavista",,,,Mexico,D.f.,,"01 (55)","5752 7060 / 5752 7255 / 5752 7489",,"Ext 103",,,,
2,3879,"Colima Niños Héroes",,,,Colima,Colima,,"01 (312)","31 3 11 77/ 31 3 11 55","313 1150","Ext. 102 Y 103",,,,
2,4062,Manzanillo,,,,Manzanillo,Colima,,"01 (314)","333 3844/ 334 3550/ 334 3551/ 334 3584/ 334 3603/ 334 3614/ 334 3618/ 334 3623/ 334 3683/ 334 3703",,,,,,
2,4547,"Eduardo Molina",,,,Mexico,D.f.,,"01 (55)","5750 5328 Al 35",,"Ext . 105",,,,
2,1015,Irapuato,,,,Irapuato,Guanajuato,,"01 (462)","635 2067  Al 74","01(462) 635 20 78","635 2075 Fax Ext 105",,,,
2,1195,"Galerias Las Torres",,,,Leon,Guanajuato,,"01 (477)","77653 00/05/64     776 55 20 /    776 62 05  / 776 66 91","776 72 59  /776 73 96","776 78 22",,,,
2,2091,"El Sauz",,,,Celaya,Guanajuato,,"01 (461)","1577206 / 6176168/ 230/ 276/ 296/ 461","467/ 594","Ext. 102 - 106",,,,
2,2356,Queretaro,,,,Queretaro,Queretaro,,"01 (442)","210 1860 / 68","2 10 18 71","171, 173, 188 Y 126",,,,
2,2433,"Torres Landa",,,,Leon,Guanajuato,,"01 (477)","761 82 74 Al 83",,"761 8284",,,,
2,2541,Salamanca,,,,Salamanca,Guanajuato,,01(464),6413129/6412595/6412614/6412778/6412874/6412897,,"Ext. 102-103 Y 105",,,,
2,2733,Poniente,,,,Queretaro,Queretaro,,"01 (442)","199 2850 /51/52/53/54/55 Y 56","199 2857",,,,,
2,2946,Pueblito,,,,Corregidora,Queretaro,,"01 (442)","225 3770/ 1770/ 9176/4304/4492/5705/5863",,,,,,
2,3031,Irrigacion,,,,Celaya,Guanajuato,,"01 (461)","608 7737/ 608 7292/ 608 6514/ 608 6683/ 608 6799",,"Ext. 102,103",,,,
2,3357,"Irapuato Sur",,,,Irapuato,Guanajuato,,"01 (462)","6221492 / 6221171 / 6221921 / 6222739",,"Ext. 105",,,,
2,3586,Juriquilla,,,,Queretaro,Queretaro,,01(442),"199 8312/8314/8315/8316/8317","199 8309",,,,,
2,3745,Clouthier,,,,Leon,Guanajuato,,"01 (477)","781 19 26 Al 35",,"Ext. 105",,,,
2,5687,"Blvd. Delta",,,,Leon,Guanajuato,,"01 (477)","194 58 64 / 194 59 02",,,,,,
2,5749,"Plaza De Toros, Qro.",,,,Queretaro,Queretaro,,"01 (442)","242  3773/ 215 0892/ 215 5219/ 21 5490/ 215 6484/ 215 6694/ 215 6856",,"Ext. 102, 103 Y 106",,,,
2,1031,"Tabasco 2000",,,,Villahermosa,Tabasco,,"01 (993)","354 5911  / 5981 / 6029 / 6199","354 1352 / 5952 /5033","354 6239",,,,
2,2218,Tuxpan,,,,Tuxpan,Veracruz,,"01 (783)","8344543 / 8345835 / 8349204 / 8351046 / 8356110 / 8356123",,,,,,
2,2463,Veracruz,,,,Veracruz,Veracruz,,"01 (229)","989 0202",,"Ext. 198",,,,
2,2468,"Cd. Deportiva",,,,Villahermosa,Tabasco,,"01 (993)","352 32 09 Al 17","3 52 32 18","352 3218",,,,
2,2839,"Xalapa Sur",,,,Xalapa,Veracruz,,"01 (228)","1 68 11 23 Al 28",,"Ext. 102",,,,
2,3293,"Blvd. Ruiz Cortinez",,,,Villahermosa,Tabasco,,"01 (993)","316-7786  316-3918  316-4591  316-4768  316-5670  316-5990",,,,,,
2,3893,Jalapa,,,,Jalapa,Veracruz,,"01 (228)","814 0004","8 14 39 22","Ext. 105",,,,
2,3894,"Villahermosa I",,,,Villahermosa,Tabasco,,"01 (993)","312 3314 / 312 3303",,"312 7890",,,,
2,3909,Córdoba,,,,Fortín,Veracruz,,"01 (271)","716 1541 / 716 2129 / 716 2719 / 716 3743 / 716 4141","716 4770 / 716 4879 / 716 5649 / 716 5690","Ext. 105",,,,
2,4120,"Poza Rica",,,,"Poza Rica",Veracruz,,"01 (782)","111 5443 / 111 5462 Al 70",,"111 5471",,,,
2,4122,"Playa Norte",,,,Veracruz,Veracruz,,"01 (229)","9240377 / 9240290 /9240289 / 9240328 / 9240397 / 9240400 / 9240449 / 9240456 / 9240457 / 9240460",,,,,,
2,1003,"Playa Del Carmen",,,,"Playa Del Carmen","Quintana Roo",,"01 (984)","803 0911 / 0089 / 0316 / 0335 / 0363","8 03 00 80","8 033035",,,,
2,1016,"Merida Norte",,,,Merida,Yucatan,,01(999),"941 5863/ 5864/ 5865/ 5866/ 5867/ 5868/ 5869/ 5869/ 5870","Ext. 103, 105 Y 102",,,,,
2,1084,Nichupte,,,,Cancun,"Quintana Roo",,"01 (998)","802 3064 Al 72",,"802 3073",,,,
2,1685,"Aeropuerto Campeche",,,,"Cd Del Carmen",Campeche,,"01 (938)","11 11 299 Al 304",,,,,,
2,2383,Mérida,,,,Merida,Yucatan,,"01 (999)","9 26 19 78",,"9 26 01 06",,,,
2,2384,"Cancun I",,,,Cancun,"Quintana Roo",,"01 (998)","884 0737/ 8840755/ 8843448/ 8841474/ 8841264",,"Ext. 105",,,,
2,2735,"La Cruz (playa Del Carmen)",,,,"Playa Del Carmen","Quintana Roo",,"01 (984)","10 94 848 / 849 / 851 / 852 / 853 / 856",,,,,,
2,3555,"Periferico Merida",,,,Merida,Yucatan,,"01 (999)","9459918 / 15",,103,,,,
2,3632,"Cancun Ii",,,,Cancun,"Quintana Roo",,"01 (998)","843-71-43 Al 46",,"843 7146",,,,
2,4048,"Mérida Pensiones",,,,Merida,Yucatan,,"01 (999)","987  9874 / 83","Ext. 103, 105 Y 102","987 9884",,,,
2,4073,Poligono,,,,Merida,Yucatan,,"01 (999)","196 1556/ 1557/ 1558/ 1559/ 1560/  1561/  1562/  1563/  1564/ 1565",,,,,,
2,4139,Campeche,,,,Campeche,Campeche,,"01 (981)","81 11297 / 81  60987 / 81 10256 / 81 10325","81 124 72","Ext.102 / 105",,,,
2,1204,"Mochis Sur",,,,"Los Mochis",Sinaloa,,"01 (668)","8 12 23 61/ 8 17 48 95/ 8 17 48 96/ 8 18 11 49/ 8 18 16 50",,"Ext. 102, 103, 105 Y 106",,,,
2,1585,"La Isla",,,,Culiacan,Sinaloa,,"01 (667)","146  4597/ 4599 / 4601 / 4601 /4602 /4603 /4604",,"Ext. 102 Y 103",,,,
2,1727,Guasave,,,,Guasave,Sinaloa,,"01 (687)","871 2996 / 0558 / 0684  / 0981",,"103,102, 105 Y 106",,,,
2,2303,Hermosillo,,,,Hermosillo,Sonora,,"01 (662)","259 0305",,"Ext. 102 Y 103",,,,
2,2379,Culiacan,,,,Culiacan,Sinaloa,,"01 (667)","759 0250","7 50 81 60","Ext 7126 Y 7129 Fax 174",,,,
2,2380,"Cd. Obregon",,,,Obregon,Sonora,,"01 (644)","414-6573 / 6996 / 6991  / 6461",,"Ext. 105",,,,
2,2646,"Carretera Internacional",,,,Obregon,Sonora,,"01 (644)","41 29 236/ 4161185 / 4170939 /4171223/4171223",,,,,,
2,3030,"Blvd. Morelos",,,,Hermosillo,Sonora,,01(662),"267 8318 / 8319/ 8320/ 8321/ 8322/ 8323",,,,,,
2,3718,"Ejercito Mexicano",,,,Mazatlan,Sinaloa,,"01 (669)","940 6297","9 40 63 07","940 6307",,,,
2,3746,Solidaridad,,,,Hermosillo,Sonora,,"01 (662)","260  9536",,"Ext. 103",,,,
2,4036,Guaymas,,,,Guaymas,Sonora,,"01 (622)","221 1399 / 1440 / 156 / 1736 / 1782 / 2048",,,,,,
2,4549,"Los Mochis",,,,"Los Mochis",Sinaloa,,"01 (668)","812 1136 / 2091/ 2455/3107/ 2996",,"Ext. 102,103,105 Y 106",,,,
2,5700,"Mexico 68",,,,Culiacan,Sinaloa,,"01 (667)","715 2338 /1871/ 2445/ 2471","715 2471",,,,,
2,1067,"Acapulco Diamante",,,,Acapulco,Guerrero,,"01 (744)","443 46 17 Al 26",,"443 46 27",,,,
2,1460,Cuemanco,,,,Mexico,Df,,"01 (55)",56033699/56034130/56717906/56717969/56718202,56716690,"Ext 102 Y 103",,,,
2,1684,Chilpancingo,,,,Chilpancingo,Guerrero,,"01 (747)","4949-893 /  221 / 237 / 238 / 264",,,,,,
2,2347,Tlahuac,,,,Mexico,D.f.,,"01 (55)","5850 1910",,"Ext. 172",,,,
2,2349,Acapulco,,,,Acapulco,Guerrero,,"01 (744)","469 0203",,"Ext. 102 Y 103",,,,
2,2432,Durango,,,,Durango,Durango,,"01( 618)","817 8845",,"Ext. 102 Y 103",,,,
2,2464,Miramontes,,,,Mexico,D.f.,,"01 (55)","5447 1400",,"Ext. 7114",,,,
2,3014,"Durango Ii el Eden",,,,Durango,Durango,,"01 (618)","836 6549 / 6596 / 6651 / 6653",,"Ext. 102 Y 103",,,,
2,3071,"Francisco Villa",,,,Durango,Durango,,01(618),"814 2763 / 4538 / 1089 / 1750",,"Ext. 105",,,,
2,3857,"Villa Coapa",,,,Mexico,D.f.,,"01 (55)","5671 6515 / 5671 6114 / 5671 1361",,"Ext. 103-104-106",,,,
2,1549,"Av. De  Los Maestros",,,,Aguascalientes,Aguascalientes,,"01 (449)",250-0556/57/58/59/61/62,,,,,,
2,2033,"Plaza Oriente",,,,Mexico,D.f.,,"01 (55)","5600 6321 / 6501 / 4667",,"Ext. 105",,,,
2,2074,"Carretera 57",,,,S.l.p,S.l.p,,"01 (444)","567 5148 Al 58",,,,,,
2,2075,Muñoz,,,,S.l.p,S.l.p,,"01 (444)","833 7046/ 833 7073/ 833 7138/ 833 7228 / 833 7651",,,,,,
2,2079,"Cd. Jardin",,,,Nezahualcoyotl,"Edo. De Mex.",,"01 (55)","5735  4801 / 4845 /4762 /4768 /4779",,"Ext. 105",,,,
2,2080,"Matehuala (arboledas)",,,,Matehuala,S.l.p,,"01 (488)","882 5486/ 882 5377/ 882 4445",,,,,,
2,2346,Aguascalientes,,,,Aguascalientes,Aguascalientes,,"01 (449)","910 70 01","Ext. 170 Y 172","Ext. 175",,,,
2,2431,"San Luis Potosi",,,,S.l.p,S.l.p,,"01 (444)","826 0062",,"Ext  171 - 173 Fax 174",,,,
2,2670,Tlalpan,,,,Mexico,D.f.,,"01 (55)","5674 1755",,"Ext. 103",,,,
2,3005,"Plaza Aragon",,,,Mexico,"Edo. De Mex.",,"01 (55)","2459 0955 / 1418 / 1898","2459 19 01","Ext. 105",,,,
2,3851,Aeropuerto,,,,Mexico,D.f.,,"01 (55)","5571 8177","55 71 14 92","Ext. 105",,,,
2,3872,Balbuena,,,,Mexico,D.f.,,"01 (55)","5768 6030 / 9799 / 9294 / 9146",,"5768 9316",,,,
2,1130,"Belisario Dominguez",,,,"Tuxtla Gutierrez",Chiapas,,"01 (961)","121 55 33 Al 41",,,,,,
2,1580,"El Rosario",,,,Mexico,D.f.,,"01 (55)","9127-0251 / 9127-0266 / 9127-0582 / 9127-0762",,,,,,
2,1624,"Comitan De Dominguez",,,,Comitan,Chiapas,,"01 (963)","6329456  Al 61",,,,,,
2,2466,Cuitlahuac,,,,Mexico,D.f.,,"01 (55)","5729 9916",,"Ext. 102 Y 103",,,,
2,3127,"Libramiento Norte",,,,"Tuxtla Gutierrez",Chiapas,,"01 (961)","61 4 36 02 /  60 4 20 58 /  60 4 32 58",,,,,,
2,3847,Satelite,,,,"Naulcalpan De Juarez","Edo. De Mex.",,"01 (55)","5562 1500 / 5572 2896",,"Ext. 105",,,,
2,3850,Echegaray,,,,"Naulcalpan De Juarez","Edo. De Mex.",,"01 (55)","5360 0264 / 1389/  0639/  0514/  0889/  8043",53633779,"Ext. 103 / 104",,,,
2,3862,Azcapotzalco,,,,Mexico,D.f.,,"01 (55)","5353 0156 /  0093 / 1416",,"Ext . 102,103 Y 105",,,,
2,4072,Tapachula,,,,Tapachula,Chiapas,,"01 (962)","628 4064 Al 69",,,,,,
2,1044,"San Marcos",,,,"Cuautitlan Izcali","Edo. De Mex.",,"01 (55)","2472 00 75/ 2472 00 76 / 2472 00 78 / 2472 00 80",,"2472 0301",,,,
2,1169,"Multiplaza Arboledas",,,,"Tlanepantla De Baz","Edo. De Mex.",,"01 (55)","5565 1295/ 1665 9275 Al 81/ 5565 4846",,,,,,
2,1423,"Santa Elena",,,,Cuautitlan,"Edo. De Mex.",,"01 (55)","22922166 Al 71",,,,,,
2,1834,"Plaza Del Lago",,,,Cuautitlan,"Edo. De Mex.",,"01 (55)","58-68-96-29, 9632, 9801, 9931,9959, 9997",,,,,,
2,2041,Toltecas,,,,"Tlanepantla De Baz","Edo. De Mex.",,"01 (55)","5390 48 57 / 4876 / 4880 / 4918 / 4959 / 4993",,"5390 5173",,,,
2,2643,"Nicolas Romero",,,,"Nicolas Romero","Edo. De Mex.",,"01 (55)","2210-9483  /9430",,,,,,
2,3794,"Acueducto De Guadalupe",,,,Mexico,D.f.,,"01 (55)","53 88 01 51/ 53 67 58 05/ 53 88 73 86 / 5369 21 12 / 5369 47 21","53 69 21 12","5369 4721",,,,
2,3854,Pirules,,,,"Tlanepantla De Baz","Edo. De Mex.",,"01 (55)","5370 4555/5379 1286 /  5370 4594 / 4300","53 70 99 48","Ext 103",,,,
2,4154,"Perinorte (antes Silos)",,,,"Cuautitlan Izcalli","Edo. De Mex.",,"01 (55)","5886 07 06/ 08 32/ 09 00/ 09 05/ 12 56",,,,,,
2,4157,"Periférico Cuautitlan",,,,"Cuautitlan Izcalli","Edo. De Mex.",,"01 (55)","2239 51 12 Al 20",,,,,,
2,4191,"Lago De Guadalupe",,,,"Tlalnepantla De Baz","Edo. De Mex.",,"01 (55)","53054069 / 4091 / 4106 / 4128 / 4142 / 4200",,,,,,
2,5855,"Las Alamedas",,,,Atizapan,"Edo. De Mex.",,"01 (55)","5077 6079 / 6085",,,,,,
2,1032,"Lomas Verdes",,,,"Naulcalpan De Juarez","Edo. De Mex.",,"01 (55)","5349 3489 Al 98",,,,,,
2,1462,"Lerma Toluca",,,,Toluca,"Edo. Mex",,"01 (728)","284 5315, 16, 17, 18, 19, 21",,,,,,
2,1584,"Espacio Esmeralda",,,,Atizapan,"Edo. De Mex.",,"01 (55)","5308-3097 /  5308-3101 /  5308-3155 / 5308-3216 / 5308-3393",,,,,,
2,2344,Lomas,,,,Mexico,D.f,,"01 (55)","5557 11 33",,"Ext. 105",,,,
2,2382,Interlomas,,,,Huixquilucan,"Edo Mex",,"01 (55)","5290 7007 / 7008 / 7009 / 7010 / 1132 / 6589",,"Ext. 105",,,,
2,2765,"San Jose Del Cabo",,,,"San Jose Del Cabo","Baja California Sur",,"01 (624)","146 98 42 / 130 75 78 / 130 79 07 / 130 79 46 / 142 08 67",,"Ext. 103",,,,
2,3069,"Los Cabos",,,,"Cabo San Lucas","Baja California Sur",,"01 (624)","144 7114/ 17/ 18/ 19",,"Ext. 103",,,,
2,3504,"Av. Jesus Del Monte",,,,Huixquilucan,"Edo Mex",,"01 (55)","5247 3187 / 3469 / 3794 / 3797 / 4207","Ext 102",,,,,
2,3848,Taxqueña,,,,Mexico,D.f.,,"01 (55)","5661 2787/ 1788 /  0912","56 62 38 08","Fax. Ext. 149",,,,
2,3858,Cuajimalpa,,,,Mexico,"D,f",,"01 (55)","5812 2345 / 1841 / 2735 / 2123 / 2164",,"Ext. 105",,,,
2,3863,"Periferico Sur",,,,Mexico,D.f.,,"01 (55)","5606 5340 / 5855",,"Ext. 105",,,,
2,4156,"Cola De Ballena",,,,"La Paz","Baja California Sur",,"01 (612)","124 2314 / 2315 / 2316 / 2317 / 2318 / 2319",,,,,,
2,1425,"Bahia De Banderas",,,,"Nuevo Vallarta",Nayarit,,"01 (322)","297 2959 / 297 2991 / 297 3029 / 297 3031 / 297 3047",,,,,,
2,1550,"Macro Plaza Vallarta",,,,"Pto. Vallarta",Jalisco,,"01 (322)","224 94 23 / 224 90 72 / 224 91 78 / 224 92 88",,"Ext. 102 Y 103",,,,
2,2430,Copilco,,,,Mexico,D.f.,,"01 (55)","5659 2790 / 56 59 30 40",,"Ext. 105",,,,
2,2689,"Felix Cuevas",,,,Mexico,D.f.,,"01 (55)","5534 8100 Al 09",,"Ext. 105",,,,
2,3747,Pitillal,,,,"Pto. Vallarta",Jalisco,,"01 (322)","221 0562 / 0870 / 0916/ 1271","221 0517","Ext. 105",,,,
2,3845,Universidad,,,,Mexico,D.f.,,"01 (55)","5604 0033 / 02 13","56 04 02 73","Ext. 105",,,,
2,3852,Plateros,,,,Mexico,D.f.,,"01 (55)","5593 1077 / 1388 / 1188",,"Fax. Ext. 316",,,,
2,3876,"Las Aguilas",,,,Mexico,D.f.,,"01 (55)","5660 6039/5231 5664 0008 / 5664 4282 / 5664 2949",,"Ext. 102,105 Y 103",,,,
2,3895,Tepic,,,,Tepic,Nayarit,,"01 (311)","210 02 38  / 210 02 45  / 210 02 47",,"Ext. 102 Y 103",,,,
2,1138,Delicias,,,,Delicias,Chihuahua,,"01 (639)","470 03 16 / 470 0181 / 4700175",,"Ext. 103",,,,
2,1170,Parral,,,,"Hidalgo Del Parral",Chihuahua,,"01 (627)","523-32-68 / 523-19-59 / 523-17-44 / 523-22-60 / 523-27-16 / 523-28-58",,,,,,
2,1623,"Cd. Cuauhtemoc",,,,"Cd. Cuauhtemoc",Chihuahua,,"01 (625)",5905375-80,,,,,,
2,2049,"Av. Zaragoza",,,,"Cd. Juarez",Chihuahua,,"01 (656)","2588295 / 258 8296/ 258 8297/ 258 8298/ 258 8299/ 258 8300/ 258 8301/ 258 8302/ 258 8303/ 258 8304",,"258 8305 Ext. 102 Y 103",,,,
2,2089,"Plaza Monumental",,,,"Cd. Juarez",Chihuahua,,"01 (656)","613 2621/ 3154/ 3880/ 5149/ 5461",6132621,Ext.102-103-105,,,,
2,2302,Chihuahua,,,,Chihuahua,Chihuahua,,"01 (614)","423 56 07  Al 13","4 23 38 59","Ext. 114 Y 130",,,,
2,2375,Torreon,,,,Torreon,Coahuila,,"01 (871)","729 0010","7 22 24 22","Ext. 102",,,,
2,2377,"Cd. Juarez",,,,"Cd. Juarez",Chihuahua,,"01 (656)","6235899 Y 6236116",,"Ext. 104",,,,
2,3033,"Fuentes Mares",,,,Chihuahua,Chihuahua,,"01 (614)","435 8868/ 435 9033/ 435 9171/ 9194/  9435/ 9602/  9629/  9700/  9738/  9752",,Ext.102,,,,
2,3358,Cordilleras,,,,Chihuahua,Chihuahua,,"01 (614)","498 9083",,,,,,
2,3622,"La Rosita",,,,Torreon,Coahuila,,"01 (871)","730 8019 / 7307113",,"Ext. 102 Y 103 Fax 141",,,,
2,5728,"Norte 2000",,,,Chihuahua,Chihuahua,,"01 (614)","481 73 95 / 4222 / 7322/ 6451",,"Ext. 103",,,,
2,5764,"Torres Del Sur",,,,"Cd. Juarez",Chihuahua,,"01 (656)","690 6704",,"Ext. 103",,,,
2,1007,Monclova,,,,Monclova,Coahuila,,"01 (86)","6648 2579 Al 89/ 2397","66 48 25 89","6648 2589",,,,
2,1027,Sendero,,,,Monterrey,"Nuevo Leon",,"01 (81)","8397 93 55      57,58,59,60",,"8397 9365",,,,
2,1404,"Galerias Saltillo",,,,Saltillo,Coahuila,,"01 (844)","485 3695 Al 99","485 3695","Ext. 105",,,,
2,1833,"La Pastora",,,,Guadalupe,"Nuevo Leon",,"01 (81)","83236643 / 83236634 Al 38",,,,,,
2,2034,"Las Torres",,,,Monterrey,"Nuevo Leon",,"01 (81)","8318 0434","83 49 01 53","Ext 172",,,,
2,2076,"Miguel Aleman",,,,Monterrey,"Nuevo Leon",,"01 (81)","8334 8300 Al 06",,"Ext 170",,,,
2,2179,"San Nicolas",,,,Monterrey,"Nuevo Leon",,"01 (81)","86612488 - 91 / 86612530 - 42 -51 - 55",,,,,,
2,2465,Saltillo,,,,Saltillo,Coahuila,,"01 (844)","414 0029 / 1084 / 0224",,"Ext. 171",,,,
2,2676,"La Fe",,,,Monterrey,"Nuevo Leon",,"01 (81)","8140 0249 / 54","81 40 02 54","8140 0254",,,,
2,3051,"Plaza Centrika",,,,Monterrey,"Nuevo Leon",,"01 (81)","8331 7224 / 8351 1935/ 8351 2695/ 2754/ 2955/ 3050/ 3169/ 3238/ 3260/ 4795",,"83 51 59 78",,,,
2,3091,"Ave. Reforma",,,,"Nuevo Laredo",Tamaulipas,,"01 (867)","717 0837 / 717 1069 / 717 1580/ 717 4301 - 40",,,,,,
2,3800,Guadalupe,,,,Monterrey,"Nuevo Leon",,"01 (81)","8361 5380/ 8361 5260/ 8361 5440","Ext 105",,,,,
2,4138,"Villa Juarez",,,,Monterrey,"Nuevo Leon",,01(81),88627293-99,88617303,,,,,
2,4548,"Eloy Cavazos",,,,Monterrey,"Nuevo Leon",,"01 (81)","8393 6086 / 88 / 89","83 93 60 87","8393 6098",,,,
2,1139,"La Huasteca",,,,Monterrey,"Nuevo Leon",,"01 (81)","8390 7665/ 3189/ 4947/ 4428/ 5179","Ext 102","Ext 103",,,,
2,1205,Alijadores,,,,Tampico,Tamaulipas,,"01 (833)","2122717 /2149137/2121157/2121437/2121578/2121714",,,,,,
2,1206,"El Pasito",,,,Reynosa,Tamaulipas,,"01 (899)","953 48 03/  953-48-04 /05-07",,,,,,
2,1622,"Gomez Morin",,,,Monterrey,"Nuevo Leon",,"01 (81)","8335 4750 O 83354790",,,,,,
2,1902,"Aeropuerto Tampico",,,,Tampico,Tamaulipas,,"01 (833)","2277427 / 2277327/ 1259425 / 1259546 / 1259664",,,,,,
2,2044,"Valle Oriente",,,,Monterrey,"Nuevo Leon",,"01 (81)","8363 5062 Al 64 / 48/ 45/ 3479/ 3651/ 3869/ 2804","83 63 50 79","8363 5079",,,,
2,2378,Tampico,,,,Tampico,Tamaulipas,,"01 (833)","229 1400","2 28 81 00","228 80 44",,,,
2,2540,"Victoria Centro",,,,"Cd. Victoria",Tamaulipas,,"01 (834)","3161781 / 3059349 / 3147123 / 3161629 / 3163532 / 3164352",,,,,,
2,3630,"Las Adelitas",,,,"Cd. Victoria",Tamaulipas,,"01 (834)","305 0725 Al 31","3 05 07 35","Ext. 105",,,,
2,3719,Matamoros,,,,Matamoros,Tamaulipas,,"01 (868)","819 5633 / 42",,"819 5643",,,,
2,3720,Lincoln,,,,Monterrey,"Nuevo Leon",,"01 (81)","1167 1381 Al 86",,"1167 1391",,,,
2,4025,"Ciudad Madero",,,,Tampico,Tamaulipas,,"01 (833)","274  1427 / 36",,"274  1437",,,,
2,4137,Chapultepec,,,,Monterrey,"Nuevo Leon",,"01 (81)",84864517/4518/4519/4520/4521/4522,"Ext 102",,,,,
